2024-12-09 15:02:34,469 [Worker-11: Loading available Gradle versions] INFO  o.e.b.c.i.u.g.PublishedGradleVersions - Gradle version information cache is up-to-date. Trying to read.
2024-12-09 15:03:01,711 [Worker-15: Importing Maven projects] INFO  o.e.m.c.i.e.AbstractTransferListenerAdapter - Downloading https://repo.maven.apache.org/maven2/org/springframework/boot/spring-boot-starter-parent/3.4.0/spring-boot-starter-parent-3.4.0.pom
2024-12-09 15:03:01,747 [Worker-15: Importing Maven projects] INFO  o.e.m.c.i.e.AbstractTransferListenerAdapter - Downloaded https://repo.maven.apache.org/maven2/org/springframework/boot/spring-boot-starter-parent/3.4.0/spring-boot-starter-parent-3.4.0.pom
2024-12-09 15:03:01,790 [Worker-15: Importing Maven projects] INFO  o.e.m.c.i.e.AbstractTransferListenerAdapter - Downloading https://repo.maven.apache.org/maven2/org/springframework/boot/spring-boot-dependencies/3.4.0/spring-boot-dependencies-3.4.0.pom
2024-12-09 15:03:01,823 [Worker-15: Importing Maven projects] INFO  o.e.m.c.i.e.AbstractTransferListenerAdapter - Downloaded https://repo.maven.apache.org/maven2/org/springframework/boot/spring-boot-dependencies/3.4.0/spring-boot-dependencies-3.4.0.pom
2024-12-09 15:03:01,938 [Worker-15: Importing Maven projects] INFO  o.e.m.c.i.e.AbstractTransferListenerAdapter - Downloading https://repo.maven.apache.org/maven2/org/apache/activemq/activemq-bom/6.1.4/activemq-bom-6.1.4.pom
2024-12-09 15:03:01,946 [Worker-15: Importing Maven projects] INFO  o.e.m.c.i.e.AbstractTransferListenerAdapter - Downloaded https://repo.maven.apache.org/maven2/org/apache/activemq/activemq-bom/6.1.4/activemq-bom-6.1.4.pom
2024-12-09 15:03:01,981 [Worker-15: Importing Maven projects] INFO  o.e.m.c.i.e.AbstractTransferListenerAdapter - Downloading https://repo.maven.apache.org/maven2/org/apache/activemq/artemis-bom/2.37.0/artemis-bom-2.37.0.pom
2024-12-09 15:03:01,993 [Worker-15: Importing Maven projects] INFO  o.e.m.c.i.e.AbstractTransferListenerAdapter - Downloaded https://repo.maven.apache.org/maven2/org/apache/activemq/artemis-bom/2.37.0/artemis-bom-2.37.0.pom
2024-12-09 15:03:02,035 [Worker-15: Importing Maven projects] INFO  o.e.m.c.i.e.AbstractTransferListenerAdapter - Downloading https://repo.maven.apache.org/maven2/org/apache/activemq/artemis-project/2.37.0/artemis-project-2.37.0.pom
2024-12-09 15:03:02,054 [Worker-15: Importing Maven projects] INFO  o.e.m.c.i.e.AbstractTransferListenerAdapter - Downloaded https://repo.maven.apache.org/maven2/org/apache/activemq/artemis-project/2.37.0/artemis-project-2.37.0.pom
2024-12-09 15:03:02,115 [Worker-15: Importing Maven projects] INFO  o.e.m.c.i.e.AbstractTransferListenerAdapter - Downloading https://repo.maven.apache.org/maven2/org/assertj/assertj-bom/3.26.3/assertj-bom-3.26.3.pom
2024-12-09 15:03:02,124 [Worker-15: Importing Maven projects] INFO  o.e.m.c.i.e.AbstractTransferListenerAdapter - Downloaded https://repo.maven.apache.org/maven2/org/assertj/assertj-bom/3.26.3/assertj-bom-3.26.3.pom
2024-12-09 15:03:02,195 [Worker-15: Importing Maven projects] INFO  o.e.m.c.i.e.AbstractTransferListenerAdapter - Downloading https://repo.maven.apache.org/maven2/org/apache/groovy/groovy-bom/4.0.24/groovy-bom-4.0.24.pom
2024-12-09 15:03:02,205 [Worker-15: Importing Maven projects] INFO  o.e.m.c.i.e.AbstractTransferListenerAdapter - Downloaded https://repo.maven.apache.org/maven2/org/apache/groovy/groovy-bom/4.0.24/groovy-bom-4.0.24.pom
2024-12-09 15:03:02,238 [Worker-15: Importing Maven projects] INFO  o.e.m.c.i.e.AbstractTransferListenerAdapter - Downloading https://repo.maven.apache.org/maven2/org/infinispan/infinispan-bom/15.0.11.Final/infinispan-bom-15.0.11.Final.pom
2024-12-09 15:03:02,247 [Worker-15: Importing Maven projects] INFO  o.e.m.c.i.e.AbstractTransferListenerAdapter - Downloaded https://repo.maven.apache.org/maven2/org/infinispan/infinispan-bom/15.0.11.Final/infinispan-bom-15.0.11.Final.pom
2024-12-09 15:03:02,274 [Worker-15: Importing Maven projects] INFO  o.e.m.c.i.e.AbstractTransferListenerAdapter - Downloading https://repo.maven.apache.org/maven2/org/infinispan/infinispan-build-configuration-parent/15.0.11.Final/infinispan-build-configuration-parent-15.0.11.Final.pom
2024-12-09 15:03:02,281 [Worker-15: Importing Maven projects] INFO  o.e.m.c.i.e.AbstractTransferListenerAdapter - Downloaded https://repo.maven.apache.org/maven2/org/infinispan/infinispan-build-configuration-parent/15.0.11.Final/infinispan-build-configuration-parent-15.0.11.Final.pom
2024-12-09 15:03:02,333 [Worker-15: Importing Maven projects] INFO  o.e.m.c.i.e.AbstractTransferListenerAdapter - Downloading https://repo.maven.apache.org/maven2/com/fasterxml/jackson/jackson-bom/2.18.1/jackson-bom-2.18.1.pom
2024-12-09 15:03:02,340 [Worker-15: Importing Maven projects] INFO  o.e.m.c.i.e.AbstractTransferListenerAdapter - Downloaded https://repo.maven.apache.org/maven2/com/fasterxml/jackson/jackson-bom/2.18.1/jackson-bom-2.18.1.pom
2024-12-09 15:03:02,365 [Worker-15: Importing Maven projects] INFO  o.e.m.c.i.e.AbstractTransferListenerAdapter - Downloading https://repo.maven.apache.org/maven2/com/fasterxml/jackson/jackson-parent/2.18.1/jackson-parent-2.18.1.pom
2024-12-09 15:03:02,372 [Worker-15: Importing Maven projects] INFO  o.e.m.c.i.e.AbstractTransferListenerAdapter - Downloaded https://repo.maven.apache.org/maven2/com/fasterxml/jackson/jackson-parent/2.18.1/jackson-parent-2.18.1.pom
2024-12-09 15:03:02,399 [Worker-15: Importing Maven projects] INFO  o.e.m.c.i.e.AbstractTransferListenerAdapter - Downloading https://repo.maven.apache.org/maven2/com/fasterxml/oss-parent/61/oss-parent-61.pom
2024-12-09 15:03:02,407 [Worker-15: Importing Maven projects] INFO  o.e.m.c.i.e.AbstractTransferListenerAdapter - Downloaded https://repo.maven.apache.org/maven2/com/fasterxml/oss-parent/61/oss-parent-61.pom
2024-12-09 15:03:02,433 [Worker-15: Importing Maven projects] INFO  o.e.m.c.i.e.AbstractTransferListenerAdapter - Downloading https://repo.maven.apache.org/maven2/org/glassfish/jersey/jersey-bom/3.1.9/jersey-bom-3.1.9.pom
2024-12-09 15:03:02,442 [Worker-15: Importing Maven projects] INFO  o.e.m.c.i.e.AbstractTransferListenerAdapter - Downloaded https://repo.maven.apache.org/maven2/org/glassfish/jersey/jersey-bom/3.1.9/jersey-bom-3.1.9.pom
2024-12-09 15:03:02,468 [Worker-15: Importing Maven projects] INFO  o.e.m.c.i.e.AbstractTransferListenerAdapter - Downloading https://repo.maven.apache.org/maven2/org/eclipse/jetty/ee10/jetty-ee10-bom/12.0.15/jetty-ee10-bom-12.0.15.pom
2024-12-09 15:03:02,475 [Worker-15: Importing Maven projects] INFO  o.e.m.c.i.e.AbstractTransferListenerAdapter - Downloaded https://repo.maven.apache.org/maven2/org/eclipse/jetty/ee10/jetty-ee10-bom/12.0.15/jetty-ee10-bom-12.0.15.pom
2024-12-09 15:03:02,501 [Worker-15: Importing Maven projects] INFO  o.e.m.c.i.e.AbstractTransferListenerAdapter - Downloading https://repo.maven.apache.org/maven2/org/eclipse/jetty/jetty-bom/12.0.15/jetty-bom-12.0.15.pom
2024-12-09 15:03:02,507 [Worker-15: Importing Maven projects] INFO  o.e.m.c.i.e.AbstractTransferListenerAdapter - Downloaded https://repo.maven.apache.org/maven2/org/eclipse/jetty/jetty-bom/12.0.15/jetty-bom-12.0.15.pom
2024-12-09 15:03:02,535 [Worker-15: Importing Maven projects] INFO  o.e.m.c.i.e.AbstractTransferListenerAdapter - Downloading https://repo.maven.apache.org/maven2/org/junit/junit-bom/5.11.3/junit-bom-5.11.3.pom
2024-12-09 15:03:02,541 [Worker-15: Importing Maven projects] INFO  o.e.m.c.i.e.AbstractTransferListenerAdapter - Downloaded https://repo.maven.apache.org/maven2/org/junit/junit-bom/5.11.3/junit-bom-5.11.3.pom
2024-12-09 15:03:02,625 [Worker-15: Importing Maven projects] INFO  o.e.m.c.i.e.AbstractTransferListenerAdapter - Downloading https://repo.maven.apache.org/maven2/org/apache/logging/log4j/log4j-bom/2.24.1/log4j-bom-2.24.1.pom
2024-12-09 15:03:02,633 [Worker-15: Importing Maven projects] INFO  o.e.m.c.i.e.AbstractTransferListenerAdapter - Downloaded https://repo.maven.apache.org/maven2/org/apache/logging/log4j/log4j-bom/2.24.1/log4j-bom-2.24.1.pom
2024-12-09 15:03:02,658 [Worker-15: Importing Maven projects] INFO  o.e.m.c.i.e.AbstractTransferListenerAdapter - Downloading https://repo.maven.apache.org/maven2/org/apache/logging/logging-parent/11.3.0/logging-parent-11.3.0.pom
2024-12-09 15:03:02,667 [Worker-15: Importing Maven projects] INFO  o.e.m.c.i.e.AbstractTransferListenerAdapter - Downloaded https://repo.maven.apache.org/maven2/org/apache/logging/logging-parent/11.3.0/logging-parent-11.3.0.pom
2024-12-09 15:03:02,702 [Worker-15: Importing Maven projects] INFO  o.e.m.c.i.e.AbstractTransferListenerAdapter - Downloading https://repo.maven.apache.org/maven2/io/micrometer/micrometer-bom/1.14.1/micrometer-bom-1.14.1.pom
2024-12-09 15:03:02,708 [Worker-15: Importing Maven projects] INFO  o.e.m.c.i.e.AbstractTransferListenerAdapter - Downloaded https://repo.maven.apache.org/maven2/io/micrometer/micrometer-bom/1.14.1/micrometer-bom-1.14.1.pom
2024-12-09 15:03:02,733 [Worker-15: Importing Maven projects] INFO  o.e.m.c.i.e.AbstractTransferListenerAdapter - Downloading https://repo.maven.apache.org/maven2/io/micrometer/micrometer-tracing-bom/1.4.0/micrometer-tracing-bom-1.4.0.pom
2024-12-09 15:03:02,740 [Worker-15: Importing Maven projects] INFO  o.e.m.c.i.e.AbstractTransferListenerAdapter - Downloaded https://repo.maven.apache.org/maven2/io/micrometer/micrometer-tracing-bom/1.4.0/micrometer-tracing-bom-1.4.0.pom
2024-12-09 15:03:02,762 [Worker-15: Importing Maven projects] INFO  o.e.m.c.i.e.AbstractTransferListenerAdapter - Downloading https://repo.maven.apache.org/maven2/io/micrometer/micrometer-bom/1.14.0/micrometer-bom-1.14.0.pom
2024-12-09 15:03:02,768 [Worker-15: Importing Maven projects] INFO  o.e.m.c.i.e.AbstractTransferListenerAdapter - Downloaded https://repo.maven.apache.org/maven2/io/micrometer/micrometer-bom/1.14.0/micrometer-bom-1.14.0.pom
2024-12-09 15:03:02,808 [Worker-15: Importing Maven projects] INFO  o.e.m.c.i.e.AbstractTransferListenerAdapter - Downloading https://repo.maven.apache.org/maven2/org/mockito/mockito-bom/5.14.2/mockito-bom-5.14.2.pom
2024-12-09 15:03:02,815 [Worker-15: Importing Maven projects] INFO  o.e.m.c.i.e.AbstractTransferListenerAdapter - Downloaded https://repo.maven.apache.org/maven2/org/mockito/mockito-bom/5.14.2/mockito-bom-5.14.2.pom
2024-12-09 15:03:02,846 [Worker-15: Importing Maven projects] INFO  o.e.m.c.i.e.AbstractTransferListenerAdapter - Downloading https://repo.maven.apache.org/maven2/io/netty/netty-bom/4.1.115.Final/netty-bom-4.1.115.Final.pom
2024-12-09 15:03:02,854 [Worker-15: Importing Maven projects] INFO  o.e.m.c.i.e.AbstractTransferListenerAdapter - Downloaded https://repo.maven.apache.org/maven2/io/netty/netty-bom/4.1.115.Final/netty-bom-4.1.115.Final.pom
2024-12-09 15:03:02,886 [Worker-15: Importing Maven projects] INFO  o.e.m.c.i.e.AbstractTransferListenerAdapter - Downloading https://repo.maven.apache.org/maven2/io/opentelemetry/opentelemetry-bom/1.43.0/opentelemetry-bom-1.43.0.pom
2024-12-09 15:03:02,895 [Worker-15: Importing Maven projects] INFO  o.e.m.c.i.e.AbstractTransferListenerAdapter - Downloaded https://repo.maven.apache.org/maven2/io/opentelemetry/opentelemetry-bom/1.43.0/opentelemetry-bom-1.43.0.pom
2024-12-09 15:03:02,929 [Worker-15: Importing Maven projects] INFO  o.e.m.c.i.e.AbstractTransferListenerAdapter - Downloading https://repo.maven.apache.org/maven2/io/prometheus/prometheus-metrics-bom/1.3.3/prometheus-metrics-bom-1.3.3.pom
2024-12-09 15:03:02,937 [Worker-15: Importing Maven projects] INFO  o.e.m.c.i.e.AbstractTransferListenerAdapter - Downloaded https://repo.maven.apache.org/maven2/io/prometheus/prometheus-metrics-bom/1.3.3/prometheus-metrics-bom-1.3.3.pom
2024-12-09 15:03:03,001 [Worker-15: Importing Maven projects] INFO  o.e.m.c.i.e.AbstractTransferListenerAdapter - Downloading https://repo.maven.apache.org/maven2/io/prometheus/client_java/1.3.3/client_java-1.3.3.pom
2024-12-09 15:03:03,010 [Worker-15: Importing Maven projects] INFO  o.e.m.c.i.e.AbstractTransferListenerAdapter - Downloaded https://repo.maven.apache.org/maven2/io/prometheus/client_java/1.3.3/client_java-1.3.3.pom
2024-12-09 15:03:03,061 [Worker-15: Importing Maven projects] INFO  o.e.m.c.i.e.AbstractTransferListenerAdapter - Downloading https://repo.maven.apache.org/maven2/org/apache/pulsar/pulsar-bom/3.3.2/pulsar-bom-3.3.2.pom
2024-12-09 15:03:03,071 [Worker-15: Importing Maven projects] INFO  o.e.m.c.i.e.AbstractTransferListenerAdapter - Downloaded https://repo.maven.apache.org/maven2/org/apache/pulsar/pulsar-bom/3.3.2/pulsar-bom-3.3.2.pom
2024-12-09 15:03:03,157 [Worker-15: Importing Maven projects] INFO  o.e.m.c.i.e.AbstractTransferListenerAdapter - Downloading https://repo.maven.apache.org/maven2/io/projectreactor/reactor-bom/2024.0.0/reactor-bom-2024.0.0.pom
2024-12-09 15:03:03,165 [Worker-15: Importing Maven projects] INFO  o.e.m.c.i.e.AbstractTransferListenerAdapter - Downloaded https://repo.maven.apache.org/maven2/io/projectreactor/reactor-bom/2024.0.0/reactor-bom-2024.0.0.pom
2024-12-09 15:03:03,195 [Worker-15: Importing Maven projects] INFO  o.e.m.c.i.e.AbstractTransferListenerAdapter - Downloading https://repo.maven.apache.org/maven2/io/rest-assured/rest-assured-bom/5.5.0/rest-assured-bom-5.5.0.pom
2024-12-09 15:03:03,204 [Worker-15: Importing Maven projects] INFO  o.e.m.c.i.e.AbstractTransferListenerAdapter - Downloaded https://repo.maven.apache.org/maven2/io/rest-assured/rest-assured-bom/5.5.0/rest-assured-bom-5.5.0.pom
2024-12-09 15:03:03,244 [Worker-15: Importing Maven projects] INFO  o.e.m.c.i.e.AbstractTransferListenerAdapter - Downloading https://repo.maven.apache.org/maven2/org/seleniumhq/selenium/selenium-bom/4.25.0/selenium-bom-4.25.0.pom
2024-12-09 15:03:03,252 [Worker-15: Importing Maven projects] INFO  o.e.m.c.i.e.AbstractTransferListenerAdapter - Downloaded https://repo.maven.apache.org/maven2/org/seleniumhq/selenium/selenium-bom/4.25.0/selenium-bom-4.25.0.pom
2024-12-09 15:03:03,287 [Worker-15: Importing Maven projects] INFO  o.e.m.c.i.e.AbstractTransferListenerAdapter - Downloading https://repo.maven.apache.org/maven2/org/springframework/amqp/spring-amqp-bom/3.2.0/spring-amqp-bom-3.2.0.pom
2024-12-09 15:03:03,294 [Worker-15: Importing Maven projects] INFO  o.e.m.c.i.e.AbstractTransferListenerAdapter - Downloaded https://repo.maven.apache.org/maven2/org/springframework/amqp/spring-amqp-bom/3.2.0/spring-amqp-bom-3.2.0.pom
2024-12-09 15:03:03,332 [Worker-15: Importing Maven projects] INFO  o.e.m.c.i.e.AbstractTransferListenerAdapter - Downloading https://repo.maven.apache.org/maven2/org/springframework/batch/spring-batch-bom/5.2.0/spring-batch-bom-5.2.0.pom
2024-12-09 15:03:03,341 [Worker-15: Importing Maven projects] INFO  o.e.m.c.i.e.AbstractTransferListenerAdapter - Downloaded https://repo.maven.apache.org/maven2/org/springframework/batch/spring-batch-bom/5.2.0/spring-batch-bom-5.2.0.pom
2024-12-09 15:03:03,378 [Worker-15: Importing Maven projects] INFO  o.e.m.c.i.e.AbstractTransferListenerAdapter - Downloading https://repo.maven.apache.org/maven2/org/springframework/data/spring-data-bom/2024.1.0/spring-data-bom-2024.1.0.pom
2024-12-09 15:03:03,386 [Worker-15: Importing Maven projects] INFO  o.e.m.c.i.e.AbstractTransferListenerAdapter - Downloaded https://repo.maven.apache.org/maven2/org/springframework/data/spring-data-bom/2024.1.0/spring-data-bom-2024.1.0.pom
2024-12-09 15:03:03,415 [Worker-15: Importing Maven projects] INFO  o.e.m.c.i.e.AbstractTransferListenerAdapter - Downloading https://repo.maven.apache.org/maven2/org/springframework/spring-framework-bom/6.2.0/spring-framework-bom-6.2.0.pom
2024-12-09 15:03:03,424 [Worker-15: Importing Maven projects] INFO  o.e.m.c.i.e.AbstractTransferListenerAdapter - Downloaded https://repo.maven.apache.org/maven2/org/springframework/spring-framework-bom/6.2.0/spring-framework-bom-6.2.0.pom
2024-12-09 15:03:03,450 [Worker-15: Importing Maven projects] INFO  o.e.m.c.i.e.AbstractTransferListenerAdapter - Downloading https://repo.maven.apache.org/maven2/org/springframework/integration/spring-integration-bom/6.4.0/spring-integration-bom-6.4.0.pom
2024-12-09 15:03:03,459 [Worker-15: Importing Maven projects] INFO  o.e.m.c.i.e.AbstractTransferListenerAdapter - Downloaded https://repo.maven.apache.org/maven2/org/springframework/integration/spring-integration-bom/6.4.0/spring-integration-bom-6.4.0.pom
2024-12-09 15:03:03,487 [Worker-15: Importing Maven projects] INFO  o.e.m.c.i.e.AbstractTransferListenerAdapter - Downloading https://repo.maven.apache.org/maven2/org/springframework/pulsar/spring-pulsar-bom/1.2.0/spring-pulsar-bom-1.2.0.pom
2024-12-09 15:03:03,495 [Worker-15: Importing Maven projects] INFO  o.e.m.c.i.e.AbstractTransferListenerAdapter - Downloaded https://repo.maven.apache.org/maven2/org/springframework/pulsar/spring-pulsar-bom/1.2.0/spring-pulsar-bom-1.2.0.pom
2024-12-09 15:03:03,524 [Worker-15: Importing Maven projects] INFO  o.e.m.c.i.e.AbstractTransferListenerAdapter - Downloading https://repo.maven.apache.org/maven2/org/springframework/restdocs/spring-restdocs-bom/3.0.3/spring-restdocs-bom-3.0.3.pom
2024-12-09 15:03:03,532 [Worker-15: Importing Maven projects] INFO  o.e.m.c.i.e.AbstractTransferListenerAdapter - Downloaded https://repo.maven.apache.org/maven2/org/springframework/restdocs/spring-restdocs-bom/3.0.3/spring-restdocs-bom-3.0.3.pom
2024-12-09 15:03:03,560 [Worker-15: Importing Maven projects] INFO  o.e.m.c.i.e.AbstractTransferListenerAdapter - Downloading https://repo.maven.apache.org/maven2/org/springframework/security/spring-security-bom/6.4.1/spring-security-bom-6.4.1.pom
2024-12-09 15:03:03,568 [Worker-15: Importing Maven projects] INFO  o.e.m.c.i.e.AbstractTransferListenerAdapter - Downloaded https://repo.maven.apache.org/maven2/org/springframework/security/spring-security-bom/6.4.1/spring-security-bom-6.4.1.pom
2024-12-09 15:03:03,595 [Worker-15: Importing Maven projects] INFO  o.e.m.c.i.e.AbstractTransferListenerAdapter - Downloading https://repo.maven.apache.org/maven2/org/springframework/session/spring-session-bom/3.4.0/spring-session-bom-3.4.0.pom
2024-12-09 15:03:03,603 [Worker-15: Importing Maven projects] INFO  o.e.m.c.i.e.AbstractTransferListenerAdapter - Downloaded https://repo.maven.apache.org/maven2/org/springframework/session/spring-session-bom/3.4.0/spring-session-bom-3.4.0.pom
2024-12-09 15:03:03,636 [Worker-15: Importing Maven projects] INFO  o.e.m.c.i.e.AbstractTransferListenerAdapter - Downloading https://repo.maven.apache.org/maven2/org/testcontainers/testcontainers-bom/1.20.4/testcontainers-bom-1.20.4.pom
2024-12-09 15:03:03,644 [Worker-15: Importing Maven projects] INFO  o.e.m.c.i.e.AbstractTransferListenerAdapter - Downloaded https://repo.maven.apache.org/maven2/org/testcontainers/testcontainers-bom/1.20.4/testcontainers-bom-1.20.4.pom
2024-12-09 15:03:05,344 [Worker-15: Importing Maven projects] INFO  o.e.m.c.i.e.AbstractTransferListenerAdapter - Downloading https://repo.maven.apache.org/maven2/org/springframework/boot/spring-boot-maven-plugin/3.4.0/spring-boot-maven-plugin-3.4.0.pom
2024-12-09 15:03:05,387 [Worker-15: Importing Maven projects] INFO  o.e.m.c.i.e.AbstractTransferListenerAdapter - Downloaded https://repo.maven.apache.org/maven2/org/springframework/boot/spring-boot-maven-plugin/3.4.0/spring-boot-maven-plugin-3.4.0.pom
2024-12-09 15:03:05,424 [Worker-15: Importing Maven projects] INFO  o.e.m.c.i.e.AbstractTransferListenerAdapter - Downloading https://repo.maven.apache.org/maven2/org/springframework/boot/spring-boot-maven-plugin/3.4.0/spring-boot-maven-plugin-3.4.0.jar
2024-12-09 15:03:05,446 [Worker-15: Importing Maven projects] INFO  o.e.m.c.i.e.AbstractTransferListenerAdapter - Downloaded https://repo.maven.apache.org/maven2/org/springframework/boot/spring-boot-maven-plugin/3.4.0/spring-boot-maven-plugin-3.4.0.jar
2024-12-09 15:03:05,549 [Worker-15: Importing Maven projects] INFO  o.e.m.c.i.e.AbstractTransferListenerAdapter - Downloading https://repo.maven.apache.org/maven2/org/apache/maven/plugins/maven-clean-plugin/3.4.0/maven-clean-plugin-3.4.0.jar
2024-12-09 15:03:05,558 [Worker-15: Importing Maven projects] INFO  o.e.m.c.i.e.AbstractTransferListenerAdapter - Downloaded https://repo.maven.apache.org/maven2/org/apache/maven/plugins/maven-clean-plugin/3.4.0/maven-clean-plugin-3.4.0.jar
2024-12-09 15:03:05,622 [Worker-15: Importing Maven projects] INFO  o.e.m.c.i.e.AbstractTransferListenerAdapter - Downloading https://repo.maven.apache.org/maven2/org/apache/maven/plugins/maven-surefire-plugin/3.5.2/maven-surefire-plugin-3.5.2.jar
2024-12-09 15:03:05,640 [Worker-15: Importing Maven projects] INFO  o.e.m.c.i.e.AbstractTransferListenerAdapter - Downloaded https://repo.maven.apache.org/maven2/org/apache/maven/plugins/maven-surefire-plugin/3.5.2/maven-surefire-plugin-3.5.2.jar
2024-12-09 15:03:07,911 [Worker-15: Importing Maven projects] INFO  o.e.m.c.i.l.LifecycleMappingFactory - Using org.eclipse.m2e.jdt.JarLifecycleMapping lifecycle mapping for MavenProject: com.example:hybrid_backend:0.0.1-SNAPSHOT @ D:\project\Hybrid_backend\hybrid_backend\pom.xml.
2024-12-09 15:03:07,960 [Worker-15: Importing Maven projects] INFO  o.e.m.c.i.e.AbstractTransferListenerAdapter - Downloading https://repo.maven.apache.org/maven2/org/springframework/boot/spring-boot-starter/3.4.0/spring-boot-starter-3.4.0.pom
2024-12-09 15:03:08,036 [Worker-15: Importing Maven projects] INFO  o.e.m.c.i.e.AbstractTransferListenerAdapter - Downloaded https://repo.maven.apache.org/maven2/org/springframework/boot/spring-boot-starter/3.4.0/spring-boot-starter-3.4.0.pom
2024-12-09 15:03:08,066 [Worker-15: Importing Maven projects] INFO  o.e.m.c.i.e.AbstractTransferListenerAdapter - Downloading https://repo.maven.apache.org/maven2/org/springframework/boot/spring-boot/3.4.0/spring-boot-3.4.0.pom
2024-12-09 15:03:08,073 [Worker-15: Importing Maven projects] INFO  o.e.m.c.i.e.AbstractTransferListenerAdapter - Downloaded https://repo.maven.apache.org/maven2/org/springframework/boot/spring-boot/3.4.0/spring-boot-3.4.0.pom
2024-12-09 15:03:08,111 [Worker-15: Importing Maven projects] INFO  o.e.m.c.i.e.AbstractTransferListenerAdapter - Downloading https://repo.maven.apache.org/maven2/org/springframework/spring-core/6.2.0/spring-core-6.2.0.pom
2024-12-09 15:03:08,118 [Worker-15: Importing Maven projects] INFO  o.e.m.c.i.e.AbstractTransferListenerAdapter - Downloaded https://repo.maven.apache.org/maven2/org/springframework/spring-core/6.2.0/spring-core-6.2.0.pom
2024-12-09 15:03:08,144 [Worker-15: Importing Maven projects] INFO  o.e.m.c.i.e.AbstractTransferListenerAdapter - Downloading https://repo.maven.apache.org/maven2/org/springframework/spring-jcl/6.2.0/spring-jcl-6.2.0.pom
2024-12-09 15:03:08,150 [Worker-15: Importing Maven projects] INFO  o.e.m.c.i.e.AbstractTransferListenerAdapter - Downloaded https://repo.maven.apache.org/maven2/org/springframework/spring-jcl/6.2.0/spring-jcl-6.2.0.pom
2024-12-09 15:03:08,175 [Worker-15: Importing Maven projects] INFO  o.e.m.c.i.e.AbstractTransferListenerAdapter - Downloading https://repo.maven.apache.org/maven2/org/springframework/spring-context/6.2.0/spring-context-6.2.0.pom
2024-12-09 15:03:08,181 [Worker-15: Importing Maven projects] INFO  o.e.m.c.i.e.AbstractTransferListenerAdapter - Downloaded https://repo.maven.apache.org/maven2/org/springframework/spring-context/6.2.0/spring-context-6.2.0.pom
2024-12-09 15:03:08,206 [Worker-15: Importing Maven projects] INFO  o.e.m.c.i.e.AbstractTransferListenerAdapter - Downloading https://repo.maven.apache.org/maven2/org/springframework/spring-aop/6.2.0/spring-aop-6.2.0.pom
2024-12-09 15:03:08,211 [Worker-15: Importing Maven projects] INFO  o.e.m.c.i.e.AbstractTransferListenerAdapter - Downloaded https://repo.maven.apache.org/maven2/org/springframework/spring-aop/6.2.0/spring-aop-6.2.0.pom
2024-12-09 15:03:08,234 [Worker-15: Importing Maven projects] INFO  o.e.m.c.i.e.AbstractTransferListenerAdapter - Downloading https://repo.maven.apache.org/maven2/org/springframework/spring-beans/6.2.0/spring-beans-6.2.0.pom
2024-12-09 15:03:08,241 [Worker-15: Importing Maven projects] INFO  o.e.m.c.i.e.AbstractTransferListenerAdapter - Downloaded https://repo.maven.apache.org/maven2/org/springframework/spring-beans/6.2.0/spring-beans-6.2.0.pom
2024-12-09 15:03:08,266 [Worker-15: Importing Maven projects] INFO  o.e.m.c.i.e.AbstractTransferListenerAdapter - Downloading https://repo.maven.apache.org/maven2/org/springframework/spring-expression/6.2.0/spring-expression-6.2.0.pom
2024-12-09 15:03:08,273 [Worker-15: Importing Maven projects] INFO  o.e.m.c.i.e.AbstractTransferListenerAdapter - Downloaded https://repo.maven.apache.org/maven2/org/springframework/spring-expression/6.2.0/spring-expression-6.2.0.pom
2024-12-09 15:03:08,298 [Worker-15: Importing Maven projects] INFO  o.e.m.c.i.e.AbstractTransferListenerAdapter - Downloading https://repo.maven.apache.org/maven2/io/micrometer/micrometer-observation/1.14.1/micrometer-observation-1.14.1.pom
2024-12-09 15:03:08,303 [Worker-15: Importing Maven projects] INFO  o.e.m.c.i.e.AbstractTransferListenerAdapter - Downloaded https://repo.maven.apache.org/maven2/io/micrometer/micrometer-observation/1.14.1/micrometer-observation-1.14.1.pom
2024-12-09 15:03:08,329 [Worker-15: Importing Maven projects] INFO  o.e.m.c.i.e.AbstractTransferListenerAdapter - Downloading https://repo.maven.apache.org/maven2/io/micrometer/micrometer-commons/1.14.1/micrometer-commons-1.14.1.pom
2024-12-09 15:03:08,334 [Worker-15: Importing Maven projects] INFO  o.e.m.c.i.e.AbstractTransferListenerAdapter - Downloaded https://repo.maven.apache.org/maven2/io/micrometer/micrometer-commons/1.14.1/micrometer-commons-1.14.1.pom
2024-12-09 15:03:08,355 [Worker-15: Importing Maven projects] INFO  o.e.m.c.i.e.AbstractTransferListenerAdapter - Downloading https://repo.maven.apache.org/maven2/org/springframework/boot/spring-boot-autoconfigure/3.4.0/spring-boot-autoconfigure-3.4.0.pom
2024-12-09 15:03:08,360 [Worker-15: Importing Maven projects] INFO  o.e.m.c.i.e.AbstractTransferListenerAdapter - Downloaded https://repo.maven.apache.org/maven2/org/springframework/boot/spring-boot-autoconfigure/3.4.0/spring-boot-autoconfigure-3.4.0.pom
2024-12-09 15:03:08,381 [Worker-15: Importing Maven projects] INFO  o.e.m.c.i.e.AbstractTransferListenerAdapter - Downloading https://repo.maven.apache.org/maven2/org/springframework/boot/spring-boot-starter-logging/3.4.0/spring-boot-starter-logging-3.4.0.pom
2024-12-09 15:03:08,386 [Worker-15: Importing Maven projects] INFO  o.e.m.c.i.e.AbstractTransferListenerAdapter - Downloaded https://repo.maven.apache.org/maven2/org/springframework/boot/spring-boot-starter-logging/3.4.0/spring-boot-starter-logging-3.4.0.pom
2024-12-09 15:03:08,413 [Worker-15: Importing Maven projects] INFO  o.e.m.c.i.e.AbstractTransferListenerAdapter - Downloading https://repo.maven.apache.org/maven2/ch/qos/logback/logback-classic/1.5.12/logback-classic-1.5.12.pom
2024-12-09 15:03:08,419 [Worker-15: Importing Maven projects] INFO  o.e.m.c.i.e.AbstractTransferListenerAdapter - Downloaded https://repo.maven.apache.org/maven2/ch/qos/logback/logback-classic/1.5.12/logback-classic-1.5.12.pom
2024-12-09 15:03:08,440 [Worker-15: Importing Maven projects] INFO  o.e.m.c.i.e.AbstractTransferListenerAdapter - Downloading https://repo.maven.apache.org/maven2/ch/qos/logback/logback-parent/1.5.12/logback-parent-1.5.12.pom
2024-12-09 15:03:08,447 [Worker-15: Importing Maven projects] INFO  o.e.m.c.i.e.AbstractTransferListenerAdapter - Downloaded https://repo.maven.apache.org/maven2/ch/qos/logback/logback-parent/1.5.12/logback-parent-1.5.12.pom
2024-12-09 15:03:08,475 [Worker-15: Importing Maven projects] INFO  o.e.m.c.i.e.AbstractTransferListenerAdapter - Downloading https://repo.maven.apache.org/maven2/ch/qos/logback/logback-core/1.5.12/logback-core-1.5.12.pom
2024-12-09 15:03:08,480 [Worker-15: Importing Maven projects] INFO  o.e.m.c.i.e.AbstractTransferListenerAdapter - Downloaded https://repo.maven.apache.org/maven2/ch/qos/logback/logback-core/1.5.12/logback-core-1.5.12.pom
2024-12-09 15:03:08,610 [Worker-15: Importing Maven projects] INFO  o.e.m.c.i.e.AbstractTransferListenerAdapter - Downloading https://repo.maven.apache.org/maven2/org/apache/logging/log4j/log4j-to-slf4j/2.24.1/log4j-to-slf4j-2.24.1.pom
2024-12-09 15:03:08,616 [Worker-15: Importing Maven projects] INFO  o.e.m.c.i.e.AbstractTransferListenerAdapter - Downloaded https://repo.maven.apache.org/maven2/org/apache/logging/log4j/log4j-to-slf4j/2.24.1/log4j-to-slf4j-2.24.1.pom
2024-12-09 15:03:08,643 [Worker-15: Importing Maven projects] INFO  o.e.m.c.i.e.AbstractTransferListenerAdapter - Downloading https://repo.maven.apache.org/maven2/org/apache/logging/log4j/log4j/2.24.1/log4j-2.24.1.pom
2024-12-09 15:03:08,649 [Worker-15: Importing Maven projects] INFO  o.e.m.c.i.e.AbstractTransferListenerAdapter - Downloaded https://repo.maven.apache.org/maven2/org/apache/logging/log4j/log4j/2.24.1/log4j-2.24.1.pom
2024-12-09 15:03:08,738 [Worker-15: Importing Maven projects] INFO  o.e.m.c.i.e.AbstractTransferListenerAdapter - Downloading https://repo.maven.apache.org/maven2/org/springframework/spring-framework-bom/5.3.39/spring-framework-bom-5.3.39.pom
2024-12-09 15:03:08,745 [Worker-15: Importing Maven projects] INFO  o.e.m.c.i.e.AbstractTransferListenerAdapter - Downloaded https://repo.maven.apache.org/maven2/org/springframework/spring-framework-bom/5.3.39/spring-framework-bom-5.3.39.pom
2024-12-09 15:03:08,779 [Worker-15: Importing Maven projects] INFO  o.e.m.c.i.e.AbstractTransferListenerAdapter - Downloading https://repo.maven.apache.org/maven2/org/apache/logging/log4j/log4j-api/2.24.1/log4j-api-2.24.1.pom
2024-12-09 15:03:08,786 [Worker-15: Importing Maven projects] INFO  o.e.m.c.i.e.AbstractTransferListenerAdapter - Downloaded https://repo.maven.apache.org/maven2/org/apache/logging/log4j/log4j-api/2.24.1/log4j-api-2.24.1.pom
2024-12-09 15:03:08,832 [Worker-15: Importing Maven projects] INFO  o.e.m.c.i.e.AbstractTransferListenerAdapter - Downloading https://repo.maven.apache.org/maven2/org/yaml/snakeyaml/2.3/snakeyaml-2.3.pom
2024-12-09 15:03:08,839 [Worker-15: Importing Maven projects] INFO  o.e.m.c.i.e.AbstractTransferListenerAdapter - Downloaded https://repo.maven.apache.org/maven2/org/yaml/snakeyaml/2.3/snakeyaml-2.3.pom
2024-12-09 15:03:08,863 [Worker-15: Importing Maven projects] INFO  o.e.m.c.i.e.AbstractTransferListenerAdapter - Downloading https://repo.maven.apache.org/maven2/org/springframework/boot/spring-boot-starter-test/3.4.0/spring-boot-starter-test-3.4.0.pom
2024-12-09 15:03:08,868 [Worker-15: Importing Maven projects] INFO  o.e.m.c.i.e.AbstractTransferListenerAdapter - Downloaded https://repo.maven.apache.org/maven2/org/springframework/boot/spring-boot-starter-test/3.4.0/spring-boot-starter-test-3.4.0.pom
2024-12-09 15:03:08,909 [Worker-15: Importing Maven projects] INFO  o.e.m.c.i.e.AbstractTransferListenerAdapter - Downloading https://repo.maven.apache.org/maven2/org/springframework/boot/spring-boot-test/3.4.0/spring-boot-test-3.4.0.pom
2024-12-09 15:03:08,914 [Worker-15: Importing Maven projects] INFO  o.e.m.c.i.e.AbstractTransferListenerAdapter - Downloaded https://repo.maven.apache.org/maven2/org/springframework/boot/spring-boot-test/3.4.0/spring-boot-test-3.4.0.pom
2024-12-09 15:03:08,941 [Worker-15: Importing Maven projects] INFO  o.e.m.c.i.e.AbstractTransferListenerAdapter - Downloading https://repo.maven.apache.org/maven2/org/springframework/spring-test/6.2.0/spring-test-6.2.0.pom
2024-12-09 15:03:08,947 [Worker-15: Importing Maven projects] INFO  o.e.m.c.i.e.AbstractTransferListenerAdapter - Downloaded https://repo.maven.apache.org/maven2/org/springframework/spring-test/6.2.0/spring-test-6.2.0.pom
2024-12-09 15:03:09,006 [Worker-15: Importing Maven projects] INFO  o.e.m.c.i.e.AbstractTransferListenerAdapter - Downloading https://repo.maven.apache.org/maven2/org/springframework/boot/spring-boot-test-autoconfigure/3.4.0/spring-boot-test-autoconfigure-3.4.0.pom
2024-12-09 15:03:09,011 [Worker-15: Importing Maven projects] INFO  o.e.m.c.i.e.AbstractTransferListenerAdapter - Downloaded https://repo.maven.apache.org/maven2/org/springframework/boot/spring-boot-test-autoconfigure/3.4.0/spring-boot-test-autoconfigure-3.4.0.pom
2024-12-09 15:03:09,079 [Worker-15: Importing Maven projects] INFO  o.e.m.c.i.e.AbstractTransferListenerAdapter - Downloading https://repo.maven.apache.org/maven2/org/assertj/assertj-core/3.26.3/assertj-core-3.26.3.pom
2024-12-09 15:03:09,085 [Worker-15: Importing Maven projects] INFO  o.e.m.c.i.e.AbstractTransferListenerAdapter - Downloaded https://repo.maven.apache.org/maven2/org/assertj/assertj-core/3.26.3/assertj-core-3.26.3.pom
2024-12-09 15:03:09,119 [Worker-15: Importing Maven projects] INFO  o.e.m.c.i.e.AbstractTransferListenerAdapter - Downloading https://repo.maven.apache.org/maven2/net/bytebuddy/byte-buddy/1.15.10/byte-buddy-1.15.10.pom
2024-12-09 15:03:09,125 [Worker-15: Importing Maven projects] INFO  o.e.m.c.i.e.AbstractTransferListenerAdapter - Downloaded https://repo.maven.apache.org/maven2/net/bytebuddy/byte-buddy/1.15.10/byte-buddy-1.15.10.pom
2024-12-09 15:03:09,146 [Worker-15: Importing Maven projects] INFO  o.e.m.c.i.e.AbstractTransferListenerAdapter - Downloading https://repo.maven.apache.org/maven2/net/bytebuddy/byte-buddy-parent/1.15.10/byte-buddy-parent-1.15.10.pom
2024-12-09 15:03:09,160 [Worker-15: Importing Maven projects] INFO  o.e.m.c.i.e.AbstractTransferListenerAdapter - Downloaded https://repo.maven.apache.org/maven2/net/bytebuddy/byte-buddy-parent/1.15.10/byte-buddy-parent-1.15.10.pom
2024-12-09 15:03:09,250 [Worker-15: Importing Maven projects] INFO  o.e.m.c.i.e.AbstractTransferListenerAdapter - Downloading https://repo.maven.apache.org/maven2/org/junit/jupiter/junit-jupiter/5.11.3/junit-jupiter-5.11.3.pom
2024-12-09 15:03:09,255 [Worker-15: Importing Maven projects] INFO  o.e.m.c.i.e.AbstractTransferListenerAdapter - Downloaded https://repo.maven.apache.org/maven2/org/junit/jupiter/junit-jupiter/5.11.3/junit-jupiter-5.11.3.pom
2024-12-09 15:03:09,282 [Worker-15: Importing Maven projects] INFO  o.e.m.c.i.e.AbstractTransferListenerAdapter - Downloading https://repo.maven.apache.org/maven2/org/junit/jupiter/junit-jupiter-api/5.11.3/junit-jupiter-api-5.11.3.pom
2024-12-09 15:03:09,288 [Worker-15: Importing Maven projects] INFO  o.e.m.c.i.e.AbstractTransferListenerAdapter - Downloaded https://repo.maven.apache.org/maven2/org/junit/jupiter/junit-jupiter-api/5.11.3/junit-jupiter-api-5.11.3.pom
2024-12-09 15:03:09,319 [Worker-15: Importing Maven projects] INFO  o.e.m.c.i.e.AbstractTransferListenerAdapter - Downloading https://repo.maven.apache.org/maven2/org/junit/platform/junit-platform-commons/1.11.3/junit-platform-commons-1.11.3.pom
2024-12-09 15:03:09,324 [Worker-15: Importing Maven projects] INFO  o.e.m.c.i.e.AbstractTransferListenerAdapter - Downloaded https://repo.maven.apache.org/maven2/org/junit/platform/junit-platform-commons/1.11.3/junit-platform-commons-1.11.3.pom
2024-12-09 15:03:09,350 [Worker-15: Importing Maven projects] INFO  o.e.m.c.i.e.AbstractTransferListenerAdapter - Downloading https://repo.maven.apache.org/maven2/org/junit/jupiter/junit-jupiter-params/5.11.3/junit-jupiter-params-5.11.3.pom
2024-12-09 15:03:09,356 [Worker-15: Importing Maven projects] INFO  o.e.m.c.i.e.AbstractTransferListenerAdapter - Downloaded https://repo.maven.apache.org/maven2/org/junit/jupiter/junit-jupiter-params/5.11.3/junit-jupiter-params-5.11.3.pom
2024-12-09 15:03:09,391 [Worker-15: Importing Maven projects] INFO  o.e.m.c.i.e.AbstractTransferListenerAdapter - Downloading https://repo.maven.apache.org/maven2/org/junit/jupiter/junit-jupiter-engine/5.11.3/junit-jupiter-engine-5.11.3.pom
2024-12-09 15:03:09,396 [Worker-15: Importing Maven projects] INFO  o.e.m.c.i.e.AbstractTransferListenerAdapter - Downloaded https://repo.maven.apache.org/maven2/org/junit/jupiter/junit-jupiter-engine/5.11.3/junit-jupiter-engine-5.11.3.pom
2024-12-09 15:03:09,418 [Worker-15: Importing Maven projects] INFO  o.e.m.c.i.e.AbstractTransferListenerAdapter - Downloading https://repo.maven.apache.org/maven2/org/junit/platform/junit-platform-engine/1.11.3/junit-platform-engine-1.11.3.pom
2024-12-09 15:03:09,424 [Worker-15: Importing Maven projects] INFO  o.e.m.c.i.e.AbstractTransferListenerAdapter - Downloaded https://repo.maven.apache.org/maven2/org/junit/platform/junit-platform-engine/1.11.3/junit-platform-engine-1.11.3.pom
2024-12-09 15:03:09,455 [Worker-15: Importing Maven projects] INFO  o.e.m.c.i.e.AbstractTransferListenerAdapter - Downloading https://repo.maven.apache.org/maven2/org/mockito/mockito-core/5.14.2/mockito-core-5.14.2.pom
2024-12-09 15:03:09,459 [Worker-15: Importing Maven projects] INFO  o.e.m.c.i.e.AbstractTransferListenerAdapter - Downloaded https://repo.maven.apache.org/maven2/org/mockito/mockito-core/5.14.2/mockito-core-5.14.2.pom
2024-12-09 15:03:09,485 [Worker-15: Importing Maven projects] INFO  o.e.m.c.i.e.AbstractTransferListenerAdapter - Downloading https://repo.maven.apache.org/maven2/net/bytebuddy/byte-buddy-agent/1.15.10/byte-buddy-agent-1.15.10.pom
2024-12-09 15:03:09,490 [Worker-15: Importing Maven projects] INFO  o.e.m.c.i.e.AbstractTransferListenerAdapter - Downloaded https://repo.maven.apache.org/maven2/net/bytebuddy/byte-buddy-agent/1.15.10/byte-buddy-agent-1.15.10.pom
2024-12-09 15:03:09,525 [Worker-15: Importing Maven projects] INFO  o.e.m.c.i.e.AbstractTransferListenerAdapter - Downloading https://repo.maven.apache.org/maven2/org/mockito/mockito-junit-jupiter/5.14.2/mockito-junit-jupiter-5.14.2.pom
2024-12-09 15:03:09,530 [Worker-15: Importing Maven projects] INFO  o.e.m.c.i.e.AbstractTransferListenerAdapter - Downloaded https://repo.maven.apache.org/maven2/org/mockito/mockito-junit-jupiter/5.14.2/mockito-junit-jupiter-5.14.2.pom
2024-12-09 15:03:09,561 [Worker-15: Importing Maven projects] INFO  o.e.m.c.i.e.AbstractTransferListenerAdapter - Downloading https://repo.maven.apache.org/maven2/org/xmlunit/xmlunit-core/2.10.0/xmlunit-core-2.10.0.pom
2024-12-09 15:03:09,565 [Worker-15: Importing Maven projects] INFO  o.e.m.c.i.e.AbstractTransferListenerAdapter - Downloaded https://repo.maven.apache.org/maven2/org/xmlunit/xmlunit-core/2.10.0/xmlunit-core-2.10.0.pom
2024-12-09 15:03:09,585 [Worker-15: Importing Maven projects] INFO  o.e.m.c.i.e.AbstractTransferListenerAdapter - Downloading https://repo.maven.apache.org/maven2/org/xmlunit/xmlunit-parent/2.10.0/xmlunit-parent-2.10.0.pom
2024-12-09 15:03:09,595 [Worker-15: Importing Maven projects] INFO  o.e.m.c.i.e.AbstractTransferListenerAdapter - Downloaded https://repo.maven.apache.org/maven2/org/xmlunit/xmlunit-parent/2.10.0/xmlunit-parent-2.10.0.pom
2024-12-09 15:03:09,723 [Worker-15: Importing Maven projects] INFO  o.e.m.c.i.e.AbstractTransferListenerAdapter - Downloading https://repo.maven.apache.org/maven2/org/springframework/boot/spring-boot-starter/3.4.0/spring-boot-starter-3.4.0.jar
2024-12-09 15:03:09,729 [Worker-15: Importing Maven projects] INFO  o.e.m.c.i.e.AbstractTransferListenerAdapter - Downloaded https://repo.maven.apache.org/maven2/org/springframework/boot/spring-boot-starter/3.4.0/spring-boot-starter-3.4.0.jar
2024-12-09 15:03:09,744 [BasicRepositoryConnector-repo.maven.apache.org-0-0] INFO  o.e.m.c.i.e.AbstractTransferListenerAdapter - Downloading https://repo.maven.apache.org/maven2/org/springframework/boot/spring-boot/3.4.0/spring-boot-3.4.0.jar
2024-12-09 15:03:09,816 [BasicRepositoryConnector-repo.maven.apache.org-0-4] INFO  o.e.m.c.i.e.AbstractTransferListenerAdapter - Downloading https://repo.maven.apache.org/maven2/org/springframework/spring-expression/6.2.0/spring-expression-6.2.0.jar
2024-12-09 15:03:09,816 [BasicRepositoryConnector-repo.maven.apache.org-0-3] INFO  o.e.m.c.i.e.AbstractTransferListenerAdapter - Downloading https://repo.maven.apache.org/maven2/org/springframework/spring-beans/6.2.0/spring-beans-6.2.0.jar
2024-12-09 15:03:09,817 [BasicRepositoryConnector-repo.maven.apache.org-0-2] INFO  o.e.m.c.i.e.AbstractTransferListenerAdapter - Downloading https://repo.maven.apache.org/maven2/org/springframework/spring-aop/6.2.0/spring-aop-6.2.0.jar
2024-12-09 15:03:09,818 [BasicRepositoryConnector-repo.maven.apache.org-0-1] INFO  o.e.m.c.i.e.AbstractTransferListenerAdapter - Downloading https://repo.maven.apache.org/maven2/org/springframework/spring-context/6.2.0/spring-context-6.2.0.jar
2024-12-09 15:03:09,856 [BasicRepositoryConnector-repo.maven.apache.org-0-0] INFO  o.e.m.c.i.e.AbstractTransferListenerAdapter - Downloaded https://repo.maven.apache.org/maven2/org/springframework/boot/spring-boot/3.4.0/spring-boot-3.4.0.jar
2024-12-09 15:03:09,877 [BasicRepositoryConnector-repo.maven.apache.org-0-0] INFO  o.e.m.c.i.e.AbstractTransferListenerAdapter - Downloading https://repo.maven.apache.org/maven2/io/micrometer/micrometer-observation/1.14.1/micrometer-observation-1.14.1.jar
2024-12-09 15:03:09,888 [BasicRepositoryConnector-repo.maven.apache.org-0-0] INFO  o.e.m.c.i.e.AbstractTransferListenerAdapter - Downloaded https://repo.maven.apache.org/maven2/io/micrometer/micrometer-observation/1.14.1/micrometer-observation-1.14.1.jar
2024-12-09 15:03:09,905 [BasicRepositoryConnector-repo.maven.apache.org-0-0] INFO  o.e.m.c.i.e.AbstractTransferListenerAdapter - Downloading https://repo.maven.apache.org/maven2/io/micrometer/micrometer-commons/1.14.1/micrometer-commons-1.14.1.jar
2024-12-09 15:03:09,906 [BasicRepositoryConnector-repo.maven.apache.org-0-4] INFO  o.e.m.c.i.e.AbstractTransferListenerAdapter - Downloaded https://repo.maven.apache.org/maven2/org/springframework/spring-expression/6.2.0/spring-expression-6.2.0.jar
2024-12-09 15:03:09,912 [BasicRepositoryConnector-repo.maven.apache.org-0-0] INFO  o.e.m.c.i.e.AbstractTransferListenerAdapter - Downloaded https://repo.maven.apache.org/maven2/io/micrometer/micrometer-commons/1.14.1/micrometer-commons-1.14.1.jar
2024-12-09 15:03:09,923 [BasicRepositoryConnector-repo.maven.apache.org-0-2] INFO  o.e.m.c.i.e.AbstractTransferListenerAdapter - Downloaded https://repo.maven.apache.org/maven2/org/springframework/spring-aop/6.2.0/spring-aop-6.2.0.jar
2024-12-09 15:03:09,927 [BasicRepositoryConnector-repo.maven.apache.org-0-4] INFO  o.e.m.c.i.e.AbstractTransferListenerAdapter - Downloading https://repo.maven.apache.org/maven2/org/springframework/boot/spring-boot-autoconfigure/3.4.0/spring-boot-autoconfigure-3.4.0.jar
2024-12-09 15:03:09,935 [BasicRepositoryConnector-repo.maven.apache.org-0-0] INFO  o.e.m.c.i.e.AbstractTransferListenerAdapter - Downloading https://repo.maven.apache.org/maven2/org/springframework/boot/spring-boot-starter-logging/3.4.0/spring-boot-starter-logging-3.4.0.jar
2024-12-09 15:03:09,941 [BasicRepositoryConnector-repo.maven.apache.org-0-0] INFO  o.e.m.c.i.e.AbstractTransferListenerAdapter - Downloaded https://repo.maven.apache.org/maven2/org/springframework/boot/spring-boot-starter-logging/3.4.0/spring-boot-starter-logging-3.4.0.jar
2024-12-09 15:03:09,945 [BasicRepositoryConnector-repo.maven.apache.org-0-2] INFO  o.e.m.c.i.e.AbstractTransferListenerAdapter - Downloading https://repo.maven.apache.org/maven2/ch/qos/logback/logback-classic/1.5.12/logback-classic-1.5.12.jar
2024-12-09 15:03:09,987 [BasicRepositoryConnector-repo.maven.apache.org-0-0] INFO  o.e.m.c.i.e.AbstractTransferListenerAdapter - Downloading https://repo.maven.apache.org/maven2/ch/qos/logback/logback-core/1.5.12/logback-core-1.5.12.jar
2024-12-09 15:03:10,019 [BasicRepositoryConnector-repo.maven.apache.org-0-4] INFO  o.e.m.c.i.e.AbstractTransferListenerAdapter - Downloaded https://repo.maven.apache.org/maven2/org/springframework/boot/spring-boot-autoconfigure/3.4.0/spring-boot-autoconfigure-3.4.0.jar
2024-12-09 15:03:10,024 [BasicRepositoryConnector-repo.maven.apache.org-0-2] INFO  o.e.m.c.i.e.AbstractTransferListenerAdapter - Downloaded https://repo.maven.apache.org/maven2/ch/qos/logback/logback-classic/1.5.12/logback-classic-1.5.12.jar
2024-12-09 15:03:10,027 [BasicRepositoryConnector-repo.maven.apache.org-0-3] INFO  o.e.m.c.i.e.AbstractTransferListenerAdapter - Downloaded https://repo.maven.apache.org/maven2/org/springframework/spring-beans/6.2.0/spring-beans-6.2.0.jar
2024-12-09 15:03:10,032 [BasicRepositoryConnector-repo.maven.apache.org-0-4] INFO  o.e.m.c.i.e.AbstractTransferListenerAdapter - Downloading https://repo.maven.apache.org/maven2/org/apache/logging/log4j/log4j-to-slf4j/2.24.1/log4j-to-slf4j-2.24.1.jar
2024-12-09 15:03:10,034 [BasicRepositoryConnector-repo.maven.apache.org-0-0] INFO  o.e.m.c.i.e.AbstractTransferListenerAdapter - Downloaded https://repo.maven.apache.org/maven2/ch/qos/logback/logback-core/1.5.12/logback-core-1.5.12.jar
2024-12-09 15:03:10,038 [BasicRepositoryConnector-repo.maven.apache.org-0-2] INFO  o.e.m.c.i.e.AbstractTransferListenerAdapter - Downloading https://repo.maven.apache.org/maven2/org/apache/logging/log4j/log4j-api/2.24.1/log4j-api-2.24.1.jar
2024-12-09 15:03:10,041 [BasicRepositoryConnector-repo.maven.apache.org-0-3] INFO  o.e.m.c.i.e.AbstractTransferListenerAdapter - Downloading https://repo.maven.apache.org/maven2/org/springframework/spring-core/6.2.0/spring-core-6.2.0.jar
2024-12-09 15:03:10,042 [BasicRepositoryConnector-repo.maven.apache.org-0-4] INFO  o.e.m.c.i.e.AbstractTransferListenerAdapter - Downloaded https://repo.maven.apache.org/maven2/org/apache/logging/log4j/log4j-to-slf4j/2.24.1/log4j-to-slf4j-2.24.1.jar
2024-12-09 15:03:10,056 [BasicRepositoryConnector-repo.maven.apache.org-0-0] INFO  o.e.m.c.i.e.AbstractTransferListenerAdapter - Downloading https://repo.maven.apache.org/maven2/org/springframework/spring-jcl/6.2.0/spring-jcl-6.2.0.jar
2024-12-09 15:03:10,061 [BasicRepositoryConnector-repo.maven.apache.org-0-4] INFO  o.e.m.c.i.e.AbstractTransferListenerAdapter - Downloading https://repo.maven.apache.org/maven2/org/yaml/snakeyaml/2.3/snakeyaml-2.3.jar
2024-12-09 15:03:10,064 [BasicRepositoryConnector-repo.maven.apache.org-0-0] INFO  o.e.m.c.i.e.AbstractTransferListenerAdapter - Downloaded https://repo.maven.apache.org/maven2/org/springframework/spring-jcl/6.2.0/spring-jcl-6.2.0.jar
2024-12-09 15:03:10,089 [BasicRepositoryConnector-repo.maven.apache.org-0-1] INFO  o.e.m.c.i.e.AbstractTransferListenerAdapter - Downloaded https://repo.maven.apache.org/maven2/org/springframework/spring-context/6.2.0/spring-context-6.2.0.jar
2024-12-09 15:03:10,096 [BasicRepositoryConnector-repo.maven.apache.org-0-0] INFO  o.e.m.c.i.e.AbstractTransferListenerAdapter - Downloading https://repo.maven.apache.org/maven2/org/springframework/boot/spring-boot-starter-test/3.4.0/spring-boot-starter-test-3.4.0.jar
2024-12-09 15:03:10,103 [BasicRepositoryConnector-repo.maven.apache.org-0-0] INFO  o.e.m.c.i.e.AbstractTransferListenerAdapter - Downloaded https://repo.maven.apache.org/maven2/org/springframework/boot/spring-boot-starter-test/3.4.0/spring-boot-starter-test-3.4.0.jar
2024-12-09 15:03:10,108 [BasicRepositoryConnector-repo.maven.apache.org-0-2] INFO  o.e.m.c.i.e.AbstractTransferListenerAdapter - Downloaded https://repo.maven.apache.org/maven2/org/apache/logging/log4j/log4j-api/2.24.1/log4j-api-2.24.1.jar
2024-12-09 15:03:10,111 [BasicRepositoryConnector-repo.maven.apache.org-0-1] INFO  o.e.m.c.i.e.AbstractTransferListenerAdapter - Downloading https://repo.maven.apache.org/maven2/org/springframework/boot/spring-boot-test/3.4.0/spring-boot-test-3.4.0.jar
2024-12-09 15:03:10,114 [BasicRepositoryConnector-repo.maven.apache.org-0-3] INFO  o.e.m.c.i.e.AbstractTransferListenerAdapter - Downloaded https://repo.maven.apache.org/maven2/org/springframework/spring-core/6.2.0/spring-core-6.2.0.jar
2024-12-09 15:03:10,123 [BasicRepositoryConnector-repo.maven.apache.org-0-4] INFO  o.e.m.c.i.e.AbstractTransferListenerAdapter - Downloaded https://repo.maven.apache.org/maven2/org/yaml/snakeyaml/2.3/snakeyaml-2.3.jar
2024-12-09 15:03:10,127 [BasicRepositoryConnector-repo.maven.apache.org-0-0] INFO  o.e.m.c.i.e.AbstractTransferListenerAdapter - Downloading https://repo.maven.apache.org/maven2/org/springframework/boot/spring-boot-test-autoconfigure/3.4.0/spring-boot-test-autoconfigure-3.4.0.jar
2024-12-09 15:03:10,130 [BasicRepositoryConnector-repo.maven.apache.org-0-2] INFO  o.e.m.c.i.e.AbstractTransferListenerAdapter - Downloading https://repo.maven.apache.org/maven2/org/assertj/assertj-core/3.26.3/assertj-core-3.26.3.jar
2024-12-09 15:03:10,132 [BasicRepositoryConnector-repo.maven.apache.org-0-3] INFO  o.e.m.c.i.e.AbstractTransferListenerAdapter - Downloading https://repo.maven.apache.org/maven2/net/bytebuddy/byte-buddy/1.15.10/byte-buddy-1.15.10.jar
2024-12-09 15:03:10,142 [BasicRepositoryConnector-repo.maven.apache.org-0-4] INFO  o.e.m.c.i.e.AbstractTransferListenerAdapter - Downloading https://repo.maven.apache.org/maven2/org/junit/jupiter/junit-jupiter/5.11.3/junit-jupiter-5.11.3.jar
2024-12-09 15:03:10,142 [BasicRepositoryConnector-repo.maven.apache.org-0-0] INFO  o.e.m.c.i.e.AbstractTransferListenerAdapter - Downloaded https://repo.maven.apache.org/maven2/org/springframework/boot/spring-boot-test-autoconfigure/3.4.0/spring-boot-test-autoconfigure-3.4.0.jar
2024-12-09 15:03:10,142 [BasicRepositoryConnector-repo.maven.apache.org-0-1] INFO  o.e.m.c.i.e.AbstractTransferListenerAdapter - Downloaded https://repo.maven.apache.org/maven2/org/springframework/boot/spring-boot-test/3.4.0/spring-boot-test-3.4.0.jar
2024-12-09 15:03:10,148 [BasicRepositoryConnector-repo.maven.apache.org-0-4] INFO  o.e.m.c.i.e.AbstractTransferListenerAdapter - Downloaded https://repo.maven.apache.org/maven2/org/junit/jupiter/junit-jupiter/5.11.3/junit-jupiter-5.11.3.jar
2024-12-09 15:03:10,159 [BasicRepositoryConnector-repo.maven.apache.org-0-1] INFO  o.e.m.c.i.e.AbstractTransferListenerAdapter - Downloading https://repo.maven.apache.org/maven2/org/junit/platform/junit-platform-commons/1.11.3/junit-platform-commons-1.11.3.jar
2024-12-09 15:03:10,160 [BasicRepositoryConnector-repo.maven.apache.org-0-0] INFO  o.e.m.c.i.e.AbstractTransferListenerAdapter - Downloading https://repo.maven.apache.org/maven2/org/junit/jupiter/junit-jupiter-api/5.11.3/junit-jupiter-api-5.11.3.jar
2024-12-09 15:03:10,186 [BasicRepositoryConnector-repo.maven.apache.org-0-4] INFO  o.e.m.c.i.e.AbstractTransferListenerAdapter - Downloading https://repo.maven.apache.org/maven2/org/junit/jupiter/junit-jupiter-params/5.11.3/junit-jupiter-params-5.11.3.jar
2024-12-09 15:03:10,200 [BasicRepositoryConnector-repo.maven.apache.org-0-1] INFO  o.e.m.c.i.e.AbstractTransferListenerAdapter - Downloaded https://repo.maven.apache.org/maven2/org/junit/platform/junit-platform-commons/1.11.3/junit-platform-commons-1.11.3.jar
2024-12-09 15:03:10,219 [BasicRepositoryConnector-repo.maven.apache.org-0-4] INFO  o.e.m.c.i.e.AbstractTransferListenerAdapter - Downloaded https://repo.maven.apache.org/maven2/org/junit/jupiter/junit-jupiter-params/5.11.3/junit-jupiter-params-5.11.3.jar
2024-12-09 15:03:10,230 [BasicRepositoryConnector-repo.maven.apache.org-0-0] INFO  o.e.m.c.i.e.AbstractTransferListenerAdapter - Downloaded https://repo.maven.apache.org/maven2/org/junit/jupiter/junit-jupiter-api/5.11.3/junit-jupiter-api-5.11.3.jar
2024-12-09 15:03:10,231 [BasicRepositoryConnector-repo.maven.apache.org-0-1] INFO  o.e.m.c.i.e.AbstractTransferListenerAdapter - Downloading https://repo.maven.apache.org/maven2/org/junit/jupiter/junit-jupiter-engine/5.11.3/junit-jupiter-engine-5.11.3.jar
2024-12-09 15:03:10,245 [BasicRepositoryConnector-repo.maven.apache.org-0-4] INFO  o.e.m.c.i.e.AbstractTransferListenerAdapter - Downloading https://repo.maven.apache.org/maven2/org/junit/platform/junit-platform-engine/1.11.3/junit-platform-engine-1.11.3.jar
2024-12-09 15:03:10,265 [BasicRepositoryConnector-repo.maven.apache.org-0-0] INFO  o.e.m.c.i.e.AbstractTransferListenerAdapter - Downloading https://repo.maven.apache.org/maven2/org/mockito/mockito-core/5.14.2/mockito-core-5.14.2.jar
2024-12-09 15:03:10,278 [BasicRepositoryConnector-repo.maven.apache.org-0-1] INFO  o.e.m.c.i.e.AbstractTransferListenerAdapter - Downloaded https://repo.maven.apache.org/maven2/org/junit/jupiter/junit-jupiter-engine/5.11.3/junit-jupiter-engine-5.11.3.jar
2024-12-09 15:03:10,280 [BasicRepositoryConnector-repo.maven.apache.org-0-4] INFO  o.e.m.c.i.e.AbstractTransferListenerAdapter - Downloaded https://repo.maven.apache.org/maven2/org/junit/platform/junit-platform-engine/1.11.3/junit-platform-engine-1.11.3.jar
2024-12-09 15:03:10,316 [BasicRepositoryConnector-repo.maven.apache.org-0-1] INFO  o.e.m.c.i.e.AbstractTransferListenerAdapter - Downloading https://repo.maven.apache.org/maven2/net/bytebuddy/byte-buddy-agent/1.15.10/byte-buddy-agent-1.15.10.jar
2024-12-09 15:03:10,327 [BasicRepositoryConnector-repo.maven.apache.org-0-4] INFO  o.e.m.c.i.e.AbstractTransferListenerAdapter - Downloading https://repo.maven.apache.org/maven2/org/mockito/mockito-junit-jupiter/5.14.2/mockito-junit-jupiter-5.14.2.jar
2024-12-09 15:03:10,334 [BasicRepositoryConnector-repo.maven.apache.org-0-4] INFO  o.e.m.c.i.e.AbstractTransferListenerAdapter - Downloaded https://repo.maven.apache.org/maven2/org/mockito/mockito-junit-jupiter/5.14.2/mockito-junit-jupiter-5.14.2.jar
2024-12-09 15:03:10,365 [BasicRepositoryConnector-repo.maven.apache.org-0-2] INFO  o.e.m.c.i.e.AbstractTransferListenerAdapter - Downloaded https://repo.maven.apache.org/maven2/org/assertj/assertj-core/3.26.3/assertj-core-3.26.3.jar
2024-12-09 15:03:10,373 [BasicRepositoryConnector-repo.maven.apache.org-0-4] INFO  o.e.m.c.i.e.AbstractTransferListenerAdapter - Downloading https://repo.maven.apache.org/maven2/org/springframework/spring-test/6.2.0/spring-test-6.2.0.jar
2024-12-09 15:03:10,387 [BasicRepositoryConnector-repo.maven.apache.org-0-1] INFO  o.e.m.c.i.e.AbstractTransferListenerAdapter - Downloaded https://repo.maven.apache.org/maven2/net/bytebuddy/byte-buddy-agent/1.15.10/byte-buddy-agent-1.15.10.jar
2024-12-09 15:03:10,407 [BasicRepositoryConnector-repo.maven.apache.org-0-2] INFO  o.e.m.c.i.e.AbstractTransferListenerAdapter - Downloading https://repo.maven.apache.org/maven2/org/xmlunit/xmlunit-core/2.10.0/xmlunit-core-2.10.0.jar
2024-12-09 15:03:10,415 [BasicRepositoryConnector-repo.maven.apache.org-0-0] INFO  o.e.m.c.i.e.AbstractTransferListenerAdapter - Downloaded https://repo.maven.apache.org/maven2/org/mockito/mockito-core/5.14.2/mockito-core-5.14.2.jar
2024-12-09 15:03:10,419 [BasicRepositoryConnector-repo.maven.apache.org-0-4] INFO  o.e.m.c.i.e.AbstractTransferListenerAdapter - Downloaded https://repo.maven.apache.org/maven2/org/springframework/spring-test/6.2.0/spring-test-6.2.0.jar
2024-12-09 15:03:10,429 [BasicRepositoryConnector-repo.maven.apache.org-0-2] INFO  o.e.m.c.i.e.AbstractTransferListenerAdapter - Downloaded https://repo.maven.apache.org/maven2/org/xmlunit/xmlunit-core/2.10.0/xmlunit-core-2.10.0.jar
2024-12-09 15:03:10,454 [BasicRepositoryConnector-repo.maven.apache.org-0-3] INFO  o.e.m.c.i.e.AbstractTransferListenerAdapter - Downloaded https://repo.maven.apache.org/maven2/net/bytebuddy/byte-buddy/1.15.10/byte-buddy-1.15.10.jar
2024-12-09 15:03:10,880 [Worker-15: Importing Maven projects] INFO  o.e.m.c.i.e.AbstractTransferListenerAdapter - Downloading https://repo.maven.apache.org/maven2/org/apache/maven/plugins/maven-surefire-plugin/3.5.2/maven-surefire-plugin-3.5.2.pom
2024-12-09 15:03:10,887 [Worker-15: Importing Maven projects] INFO  o.e.m.c.i.e.AbstractTransferListenerAdapter - Downloaded https://repo.maven.apache.org/maven2/org/apache/maven/plugins/maven-surefire-plugin/3.5.2/maven-surefire-plugin-3.5.2.pom
2024-12-09 15:03:10,917 [Worker-15: Importing Maven projects] INFO  o.e.m.c.i.e.AbstractTransferListenerAdapter - Downloading https://repo.maven.apache.org/maven2/org/apache/maven/surefire/surefire/3.5.2/surefire-3.5.2.pom
2024-12-09 15:03:10,924 [Worker-15: Importing Maven projects] INFO  o.e.m.c.i.e.AbstractTransferListenerAdapter - Downloaded https://repo.maven.apache.org/maven2/org/apache/maven/surefire/surefire/3.5.2/surefire-3.5.2.pom
2024-12-09 15:03:12,548 [Worker-15: Importing Maven projects] INFO  o.e.m.j.i.AbstractJavaProjectConfigurator - Adding source folder /hybrid_backend/src/main/java
2024-12-09 15:03:12,553 [Worker-15: Importing Maven projects] INFO  o.e.m.j.i.AbstractJavaProjectConfigurator - Adding resource folder /hybrid_backend/src/main/resources
2024-12-09 15:03:12,560 [Worker-15: Importing Maven projects] INFO  o.e.m.j.i.AbstractJavaProjectConfigurator - Adding resource folder /hybrid_backend/src/main/resources
2024-12-09 15:03:12,568 [Worker-15: Importing Maven projects] INFO  o.e.m.j.i.AbstractJavaProjectConfigurator - Adding source folder /hybrid_backend/src/test/java
2024-12-09 15:03:12,570 [Worker-15: Importing Maven projects] INFO  o.e.m.j.i.AbstractJavaProjectConfigurator - Adding resource folder /hybrid_backend/src/test/resources
2024-12-09 15:03:12,804 [Worker-4: Download sources and javadoc] INFO  o.e.m.c.i.e.AbstractTransferListenerAdapter - Downloading https://repo.maven.apache.org/maven2/org/springframework/boot/spring-boot-starter/3.4.0/spring-boot-starter-3.4.0-sources.jar
2024-12-09 15:03:12,814 [Worker-4: Download sources and javadoc] INFO  o.e.m.c.i.e.AbstractTransferListenerAdapter - Downloaded https://repo.maven.apache.org/maven2/org/springframework/boot/spring-boot-starter/3.4.0/spring-boot-starter-3.4.0-sources.jar
2024-12-09 15:03:12,825 [Worker-4: Download sources and javadoc] INFO  o.e.m.j.internal.DownloadSourcesJob - Downloaded sources for org.springframework.boot:spring-boot-starter:3.4.0
2024-12-09 15:03:12,897 [Worker-4: Download sources and javadoc] INFO  o.e.m.c.i.e.AbstractTransferListenerAdapter - Downloading https://repo.maven.apache.org/maven2/org/springframework/boot/spring-boot/3.4.0/spring-boot-3.4.0-sources.jar
2024-12-09 15:03:13,049 [Worker-4: Download sources and javadoc] INFO  o.e.m.c.i.e.AbstractTransferListenerAdapter - Downloaded https://repo.maven.apache.org/maven2/org/springframework/boot/spring-boot/3.4.0/spring-boot-3.4.0-sources.jar
2024-12-09 15:03:13,060 [Worker-4: Download sources and javadoc] INFO  o.e.m.j.internal.DownloadSourcesJob - Downloaded sources for org.springframework.boot:spring-boot:3.4.0
2024-12-09 15:03:13,162 [Worker-4: Download sources and javadoc] INFO  o.e.m.c.i.e.AbstractTransferListenerAdapter - Downloading https://repo.maven.apache.org/maven2/org/springframework/spring-context/6.2.0/spring-context-6.2.0-sources.jar
2024-12-09 15:03:13,263 [Worker-4: Download sources and javadoc] INFO  o.e.m.c.i.e.AbstractTransferListenerAdapter - Downloaded https://repo.maven.apache.org/maven2/org/springframework/spring-context/6.2.0/spring-context-6.2.0-sources.jar
2024-12-09 15:03:13,273 [Worker-4: Download sources and javadoc] INFO  o.e.m.j.internal.DownloadSourcesJob - Downloaded sources for org.springframework:spring-context:6.2.0
2024-12-09 15:03:13,327 [Worker-4: Download sources and javadoc] INFO  o.e.m.c.i.e.AbstractTransferListenerAdapter - Downloading https://repo.maven.apache.org/maven2/org/springframework/spring-aop/6.2.0/spring-aop-6.2.0-sources.jar
2024-12-09 15:03:13,379 [Worker-4: Download sources and javadoc] INFO  o.e.m.c.i.e.AbstractTransferListenerAdapter - Downloaded https://repo.maven.apache.org/maven2/org/springframework/spring-aop/6.2.0/spring-aop-6.2.0-sources.jar
2024-12-09 15:03:13,388 [Worker-4: Download sources and javadoc] INFO  o.e.m.j.internal.DownloadSourcesJob - Downloaded sources for org.springframework:spring-aop:6.2.0
2024-12-09 15:03:13,395 [Worker-15: Importing Maven projects] INFO  o.e.m.c.i.p.ProjectConfigurationManager - Imported and configured 1 project(s) in 12 sec
2024-12-09 15:03:13,447 [Worker-4: Download sources and javadoc] INFO  o.e.m.c.i.e.AbstractTransferListenerAdapter - Downloading https://repo.maven.apache.org/maven2/org/springframework/spring-beans/6.2.0/spring-beans-6.2.0-sources.jar
2024-12-09 15:03:13,522 [Worker-4: Download sources and javadoc] INFO  o.e.m.c.i.e.AbstractTransferListenerAdapter - Downloaded https://repo.maven.apache.org/maven2/org/springframework/spring-beans/6.2.0/spring-beans-6.2.0-sources.jar
2024-12-09 15:03:13,531 [Worker-4: Download sources and javadoc] INFO  o.e.m.j.internal.DownloadSourcesJob - Downloaded sources for org.springframework:spring-beans:6.2.0
2024-12-09 15:03:13,599 [Worker-4: Download sources and javadoc] INFO  o.e.m.c.i.e.AbstractTransferListenerAdapter - Downloading https://repo.maven.apache.org/maven2/org/springframework/spring-expression/6.2.0/spring-expression-6.2.0-sources.jar
2024-12-09 15:03:13,655 [Worker-4: Download sources and javadoc] INFO  o.e.m.c.i.e.AbstractTransferListenerAdapter - Downloaded https://repo.maven.apache.org/maven2/org/springframework/spring-expression/6.2.0/spring-expression-6.2.0-sources.jar
2024-12-09 15:03:13,664 [Worker-4: Download sources and javadoc] INFO  o.e.m.j.internal.DownloadSourcesJob - Downloaded sources for org.springframework:spring-expression:6.2.0
2024-12-09 15:03:13,725 [Worker-4: Download sources and javadoc] INFO  o.e.m.c.i.e.AbstractTransferListenerAdapter - Downloading https://repo.maven.apache.org/maven2/io/micrometer/micrometer-observation/1.14.1/micrometer-observation-1.14.1-sources.jar
2024-12-09 15:03:13,744 [Worker-4: Download sources and javadoc] INFO  o.e.m.c.i.e.AbstractTransferListenerAdapter - Downloaded https://repo.maven.apache.org/maven2/io/micrometer/micrometer-observation/1.14.1/micrometer-observation-1.14.1-sources.jar
2024-12-09 15:03:13,753 [Worker-4: Download sources and javadoc] INFO  o.e.m.j.internal.DownloadSourcesJob - Downloaded sources for io.micrometer:micrometer-observation:1.14.1
2024-12-09 15:03:13,812 [Worker-4: Download sources and javadoc] INFO  o.e.m.c.i.e.AbstractTransferListenerAdapter - Downloading https://repo.maven.apache.org/maven2/io/micrometer/micrometer-commons/1.14.1/micrometer-commons-1.14.1-sources.jar
2024-12-09 15:03:13,837 [Worker-4: Download sources and javadoc] INFO  o.e.m.c.i.e.AbstractTransferListenerAdapter - Downloaded https://repo.maven.apache.org/maven2/io/micrometer/micrometer-commons/1.14.1/micrometer-commons-1.14.1-sources.jar
2024-12-09 15:03:13,845 [Worker-4: Download sources and javadoc] INFO  o.e.m.j.internal.DownloadSourcesJob - Downloaded sources for io.micrometer:micrometer-commons:1.14.1
2024-12-09 15:03:13,905 [Worker-4: Download sources and javadoc] INFO  o.e.m.c.i.e.AbstractTransferListenerAdapter - Downloading https://repo.maven.apache.org/maven2/org/springframework/boot/spring-boot-autoconfigure/3.4.0/spring-boot-autoconfigure-3.4.0-sources.jar
2024-12-09 15:03:14,055 [Worker-4: Download sources and javadoc] INFO  o.e.m.c.i.e.AbstractTransferListenerAdapter - Downloaded https://repo.maven.apache.org/maven2/org/springframework/boot/spring-boot-autoconfigure/3.4.0/spring-boot-autoconfigure-3.4.0-sources.jar
2024-12-09 15:03:14,064 [Worker-4: Download sources and javadoc] INFO  o.e.m.j.internal.DownloadSourcesJob - Downloaded sources for org.springframework.boot:spring-boot-autoconfigure:3.4.0
2024-12-09 15:03:14,135 [Worker-4: Download sources and javadoc] INFO  o.e.m.c.i.e.AbstractTransferListenerAdapter - Downloading https://repo.maven.apache.org/maven2/org/springframework/boot/spring-boot-starter-logging/3.4.0/spring-boot-starter-logging-3.4.0-sources.jar
2024-12-09 15:03:14,142 [Worker-4: Download sources and javadoc] INFO  o.e.m.c.i.e.AbstractTransferListenerAdapter - Downloaded https://repo.maven.apache.org/maven2/org/springframework/boot/spring-boot-starter-logging/3.4.0/spring-boot-starter-logging-3.4.0-sources.jar
2024-12-09 15:03:14,152 [Worker-4: Download sources and javadoc] INFO  o.e.m.j.internal.DownloadSourcesJob - Downloaded sources for org.springframework.boot:spring-boot-starter-logging:3.4.0
2024-12-09 15:03:14,224 [Worker-4: Download sources and javadoc] INFO  o.e.m.c.i.e.AbstractTransferListenerAdapter - Downloading https://repo.maven.apache.org/maven2/ch/qos/logback/logback-classic/1.5.12/logback-classic-1.5.12-sources.jar
2024-12-09 15:03:14,288 [Worker-4: Download sources and javadoc] INFO  o.e.m.c.i.e.AbstractTransferListenerAdapter - Downloaded https://repo.maven.apache.org/maven2/ch/qos/logback/logback-classic/1.5.12/logback-classic-1.5.12-sources.jar
2024-12-09 15:03:14,297 [Worker-4: Download sources and javadoc] INFO  o.e.m.j.internal.DownloadSourcesJob - Downloaded sources for ch.qos.logback:logback-classic:1.5.12
2024-12-09 15:03:14,418 [Worker-4: Download sources and javadoc] INFO  o.e.m.c.i.e.AbstractTransferListenerAdapter - Downloading https://repo.maven.apache.org/maven2/ch/qos/logback/logback-core/1.5.12/logback-core-1.5.12-sources.jar
2024-12-09 15:03:14,534 [Worker-4: Download sources and javadoc] INFO  o.e.m.c.i.e.AbstractTransferListenerAdapter - Downloaded https://repo.maven.apache.org/maven2/ch/qos/logback/logback-core/1.5.12/logback-core-1.5.12-sources.jar
2024-12-09 15:03:14,544 [Worker-4: Download sources and javadoc] INFO  o.e.m.j.internal.DownloadSourcesJob - Downloaded sources for ch.qos.logback:logback-core:1.5.12
2024-12-09 15:03:14,623 [Worker-4: Download sources and javadoc] INFO  o.e.m.c.i.e.AbstractTransferListenerAdapter - Downloading https://repo.maven.apache.org/maven2/org/apache/logging/log4j/log4j-to-slf4j/2.24.1/log4j-to-slf4j-2.24.1-sources.jar
2024-12-09 15:03:14,646 [Worker-4: Download sources and javadoc] INFO  o.e.m.c.i.e.AbstractTransferListenerAdapter - Downloaded https://repo.maven.apache.org/maven2/org/apache/logging/log4j/log4j-to-slf4j/2.24.1/log4j-to-slf4j-2.24.1-sources.jar
2024-12-09 15:03:14,656 [Worker-4: Download sources and javadoc] INFO  o.e.m.j.internal.DownloadSourcesJob - Downloaded sources for org.apache.logging.log4j:log4j-to-slf4j:2.24.1
2024-12-09 15:03:14,729 [Worker-4: Download sources and javadoc] INFO  o.e.m.c.i.e.AbstractTransferListenerAdapter - Downloading https://repo.maven.apache.org/maven2/org/apache/logging/log4j/log4j-api/2.24.1/log4j-api-2.24.1-sources.jar
2024-12-09 15:03:14,788 [Worker-4: Download sources and javadoc] INFO  o.e.m.c.i.e.AbstractTransferListenerAdapter - Downloaded https://repo.maven.apache.org/maven2/org/apache/logging/log4j/log4j-api/2.24.1/log4j-api-2.24.1-sources.jar
2024-12-09 15:03:14,798 [Worker-4: Download sources and javadoc] INFO  o.e.m.j.internal.DownloadSourcesJob - Downloaded sources for org.apache.logging.log4j:log4j-api:2.24.1
2024-12-09 15:03:14,873 [Worker-4: Download sources and javadoc] INFO  o.e.m.c.i.e.AbstractTransferListenerAdapter - Downloading https://repo.maven.apache.org/maven2/org/springframework/spring-core/6.2.0/spring-core-6.2.0-sources.jar
2024-12-09 15:03:15,012 [Worker-4: Download sources and javadoc] INFO  o.e.m.c.i.e.AbstractTransferListenerAdapter - Downloaded https://repo.maven.apache.org/maven2/org/springframework/spring-core/6.2.0/spring-core-6.2.0-sources.jar
2024-12-09 15:03:15,022 [Worker-4: Download sources and javadoc] INFO  o.e.m.j.internal.DownloadSourcesJob - Downloaded sources for org.springframework:spring-core:6.2.0
2024-12-09 15:03:15,094 [Worker-4: Download sources and javadoc] INFO  o.e.m.c.i.e.AbstractTransferListenerAdapter - Downloading https://repo.maven.apache.org/maven2/org/springframework/spring-jcl/6.2.0/spring-jcl-6.2.0-sources.jar
2024-12-09 15:03:15,109 [Worker-4: Download sources and javadoc] INFO  o.e.m.c.i.e.AbstractTransferListenerAdapter - Downloaded https://repo.maven.apache.org/maven2/org/springframework/spring-jcl/6.2.0/spring-jcl-6.2.0-sources.jar
2024-12-09 15:03:15,118 [Worker-4: Download sources and javadoc] INFO  o.e.m.j.internal.DownloadSourcesJob - Downloaded sources for org.springframework:spring-jcl:6.2.0
2024-12-09 15:03:15,207 [Worker-4: Download sources and javadoc] INFO  o.e.m.c.i.e.AbstractTransferListenerAdapter - Downloading https://repo.maven.apache.org/maven2/org/yaml/snakeyaml/2.3/snakeyaml-2.3-sources.jar
2024-12-09 15:03:15,276 [Worker-4: Download sources and javadoc] INFO  o.e.m.c.i.e.AbstractTransferListenerAdapter - Downloaded https://repo.maven.apache.org/maven2/org/yaml/snakeyaml/2.3/snakeyaml-2.3-sources.jar
2024-12-09 15:03:15,285 [Worker-4: Download sources and javadoc] INFO  o.e.m.j.internal.DownloadSourcesJob - Downloaded sources for org.yaml:snakeyaml:2.3
2024-12-09 15:03:15,458 [Worker-4: Download sources and javadoc] INFO  o.e.m.c.i.e.AbstractTransferListenerAdapter - Downloading https://repo.maven.apache.org/maven2/org/springframework/boot/spring-boot-starter-test/3.4.0/spring-boot-starter-test-3.4.0-sources.jar
2024-12-09 15:03:15,465 [Worker-4: Download sources and javadoc] INFO  o.e.m.c.i.e.AbstractTransferListenerAdapter - Downloaded https://repo.maven.apache.org/maven2/org/springframework/boot/spring-boot-starter-test/3.4.0/spring-boot-starter-test-3.4.0-sources.jar
2024-12-09 15:03:15,475 [Worker-4: Download sources and javadoc] INFO  o.e.m.j.internal.DownloadSourcesJob - Downloaded sources for org.springframework.boot:spring-boot-starter-test:3.4.0
2024-12-09 15:03:15,557 [Worker-4: Download sources and javadoc] INFO  o.e.m.c.i.e.AbstractTransferListenerAdapter - Downloading https://repo.maven.apache.org/maven2/org/springframework/boot/spring-boot-test/3.4.0/spring-boot-test-3.4.0-sources.jar
2024-12-09 15:03:15,621 [Worker-4: Download sources and javadoc] INFO  o.e.m.c.i.e.AbstractTransferListenerAdapter - Downloaded https://repo.maven.apache.org/maven2/org/springframework/boot/spring-boot-test/3.4.0/spring-boot-test-3.4.0-sources.jar
2024-12-09 15:03:15,630 [Worker-4: Download sources and javadoc] INFO  o.e.m.j.internal.DownloadSourcesJob - Downloaded sources for org.springframework.boot:spring-boot-test:3.4.0
2024-12-09 15:03:15,726 [Worker-4: Download sources and javadoc] INFO  o.e.m.c.i.e.AbstractTransferListenerAdapter - Downloading https://repo.maven.apache.org/maven2/org/springframework/boot/spring-boot-test-autoconfigure/3.4.0/spring-boot-test-autoconfigure-3.4.0-sources.jar
2024-12-09 15:03:15,780 [Worker-4: Download sources and javadoc] INFO  o.e.m.c.i.e.AbstractTransferListenerAdapter - Downloaded https://repo.maven.apache.org/maven2/org/springframework/boot/spring-boot-test-autoconfigure/3.4.0/spring-boot-test-autoconfigure-3.4.0-sources.jar
2024-12-09 15:03:15,789 [Worker-4: Download sources and javadoc] INFO  o.e.m.j.internal.DownloadSourcesJob - Downloaded sources for org.springframework.boot:spring-boot-test-autoconfigure:3.4.0
2024-12-09 15:03:15,864 [Worker-4: Download sources and javadoc] INFO  o.e.m.c.i.e.AbstractTransferListenerAdapter - Downloading https://repo.maven.apache.org/maven2/org/assertj/assertj-core/3.26.3/assertj-core-3.26.3-sources.jar
2024-12-09 15:03:15,976 [Worker-4: Download sources and javadoc] INFO  o.e.m.c.i.e.AbstractTransferListenerAdapter - Downloaded https://repo.maven.apache.org/maven2/org/assertj/assertj-core/3.26.3/assertj-core-3.26.3-sources.jar
2024-12-09 15:03:15,984 [Worker-4: Download sources and javadoc] INFO  o.e.m.j.internal.DownloadSourcesJob - Downloaded sources for org.assertj:assertj-core:3.26.3
2024-12-09 15:03:16,046 [Worker-4: Download sources and javadoc] INFO  o.e.m.c.i.e.AbstractTransferListenerAdapter - Downloading https://repo.maven.apache.org/maven2/net/bytebuddy/byte-buddy/1.15.10/byte-buddy-1.15.10-sources.jar
2024-12-09 15:03:16,192 [Worker-4: Download sources and javadoc] INFO  o.e.m.c.i.e.AbstractTransferListenerAdapter - Downloaded https://repo.maven.apache.org/maven2/net/bytebuddy/byte-buddy/1.15.10/byte-buddy-1.15.10-sources.jar
2024-12-09 15:03:16,201 [Worker-4: Download sources and javadoc] INFO  o.e.m.j.internal.DownloadSourcesJob - Downloaded sources for net.bytebuddy:byte-buddy:1.15.10
2024-12-09 15:03:16,265 [Worker-4: Download sources and javadoc] INFO  o.e.m.c.i.e.AbstractTransferListenerAdapter - Downloading https://repo.maven.apache.org/maven2/org/junit/jupiter/junit-jupiter/5.11.3/junit-jupiter-5.11.3-sources.jar
2024-12-09 15:03:16,272 [Worker-4: Download sources and javadoc] INFO  o.e.m.c.i.e.AbstractTransferListenerAdapter - Downloaded https://repo.maven.apache.org/maven2/org/junit/jupiter/junit-jupiter/5.11.3/junit-jupiter-5.11.3-sources.jar
2024-12-09 15:03:16,281 [Worker-4: Download sources and javadoc] INFO  o.e.m.j.internal.DownloadSourcesJob - Downloaded sources for org.junit.jupiter:junit-jupiter:5.11.3
2024-12-09 15:03:16,334 [Worker-4: Download sources and javadoc] INFO  o.e.m.c.i.e.AbstractTransferListenerAdapter - Downloading https://repo.maven.apache.org/maven2/org/junit/jupiter/junit-jupiter-api/5.11.3/junit-jupiter-api-5.11.3-sources.jar
2024-12-09 15:03:16,366 [Worker-4: Download sources and javadoc] INFO  o.e.m.c.i.e.AbstractTransferListenerAdapter - Downloaded https://repo.maven.apache.org/maven2/org/junit/jupiter/junit-jupiter-api/5.11.3/junit-jupiter-api-5.11.3-sources.jar
2024-12-09 15:03:16,373 [Worker-4: Download sources and javadoc] INFO  o.e.m.j.internal.DownloadSourcesJob - Downloaded sources for org.junit.jupiter:junit-jupiter-api:5.11.3
2024-12-09 15:03:16,429 [Worker-4: Download sources and javadoc] INFO  o.e.m.c.i.e.AbstractTransferListenerAdapter - Downloading https://repo.maven.apache.org/maven2/org/junit/platform/junit-platform-commons/1.11.3/junit-platform-commons-1.11.3-sources.jar
2024-12-09 15:03:16,449 [Worker-4: Download sources and javadoc] INFO  o.e.m.c.i.e.AbstractTransferListenerAdapter - Downloaded https://repo.maven.apache.org/maven2/org/junit/platform/junit-platform-commons/1.11.3/junit-platform-commons-1.11.3-sources.jar
2024-12-09 15:03:16,458 [Worker-4: Download sources and javadoc] INFO  o.e.m.j.internal.DownloadSourcesJob - Downloaded sources for org.junit.platform:junit-platform-commons:1.11.3
2024-12-09 15:03:16,510 [Worker-4: Download sources and javadoc] INFO  o.e.m.c.i.e.AbstractTransferListenerAdapter - Downloading https://repo.maven.apache.org/maven2/org/junit/jupiter/junit-jupiter-params/5.11.3/junit-jupiter-params-5.11.3-sources.jar
2024-12-09 15:03:16,527 [Worker-4: Download sources and javadoc] INFO  o.e.m.c.i.e.AbstractTransferListenerAdapter - Downloaded https://repo.maven.apache.org/maven2/org/junit/jupiter/junit-jupiter-params/5.11.3/junit-jupiter-params-5.11.3-sources.jar
2024-12-09 15:03:16,535 [Worker-4: Download sources and javadoc] INFO  o.e.m.j.internal.DownloadSourcesJob - Downloaded sources for org.junit.jupiter:junit-jupiter-params:5.11.3
2024-12-09 15:03:16,593 [Worker-4: Download sources and javadoc] INFO  o.e.m.c.i.e.AbstractTransferListenerAdapter - Downloading https://repo.maven.apache.org/maven2/org/junit/jupiter/junit-jupiter-engine/5.11.3/junit-jupiter-engine-5.11.3-sources.jar
2024-12-09 15:03:16,622 [Worker-4: Download sources and javadoc] INFO  o.e.m.c.i.e.AbstractTransferListenerAdapter - Downloaded https://repo.maven.apache.org/maven2/org/junit/jupiter/junit-jupiter-engine/5.11.3/junit-jupiter-engine-5.11.3-sources.jar
2024-12-09 15:03:16,633 [Worker-4: Download sources and javadoc] INFO  o.e.m.j.internal.DownloadSourcesJob - Downloaded sources for org.junit.jupiter:junit-jupiter-engine:5.11.3
2024-12-09 15:03:16,686 [Worker-4: Download sources and javadoc] INFO  o.e.m.c.i.e.AbstractTransferListenerAdapter - Downloading https://repo.maven.apache.org/maven2/org/junit/platform/junit-platform-engine/1.11.3/junit-platform-engine-1.11.3-sources.jar
2024-12-09 15:03:16,712 [Worker-4: Download sources and javadoc] INFO  o.e.m.c.i.e.AbstractTransferListenerAdapter - Downloaded https://repo.maven.apache.org/maven2/org/junit/platform/junit-platform-engine/1.11.3/junit-platform-engine-1.11.3-sources.jar
2024-12-09 15:03:16,719 [Worker-4: Download sources and javadoc] INFO  o.e.m.j.internal.DownloadSourcesJob - Downloaded sources for org.junit.platform:junit-platform-engine:1.11.3
2024-12-09 15:03:16,794 [Worker-4: Download sources and javadoc] INFO  o.e.m.c.i.e.AbstractTransferListenerAdapter - Downloading https://repo.maven.apache.org/maven2/org/mockito/mockito-core/5.14.2/mockito-core-5.14.2-sources.jar
2024-12-09 15:03:16,873 [Worker-4: Download sources and javadoc] INFO  o.e.m.c.i.e.AbstractTransferListenerAdapter - Downloaded https://repo.maven.apache.org/maven2/org/mockito/mockito-core/5.14.2/mockito-core-5.14.2-sources.jar
2024-12-09 15:03:16,881 [Worker-4: Download sources and javadoc] INFO  o.e.m.j.internal.DownloadSourcesJob - Downloaded sources for org.mockito:mockito-core:5.14.2
2024-12-09 15:03:16,969 [Worker-4: Download sources and javadoc] INFO  o.e.m.c.i.e.AbstractTransferListenerAdapter - Downloading https://repo.maven.apache.org/maven2/net/bytebuddy/byte-buddy-agent/1.15.10/byte-buddy-agent-1.15.10-sources.jar
2024-12-09 15:03:17,012 [Worker-4: Download sources and javadoc] INFO  o.e.m.c.i.e.AbstractTransferListenerAdapter - Downloaded https://repo.maven.apache.org/maven2/net/bytebuddy/byte-buddy-agent/1.15.10/byte-buddy-agent-1.15.10-sources.jar
2024-12-09 15:03:17,021 [Worker-4: Download sources and javadoc] INFO  o.e.m.j.internal.DownloadSourcesJob - Downloaded sources for net.bytebuddy:byte-buddy-agent:1.15.10
2024-12-09 15:03:17,091 [Worker-4: Download sources and javadoc] INFO  o.e.m.c.i.e.AbstractTransferListenerAdapter - Downloading https://repo.maven.apache.org/maven2/org/mockito/mockito-junit-jupiter/5.14.2/mockito-junit-jupiter-5.14.2-sources.jar
2024-12-09 15:03:17,098 [Worker-4: Download sources and javadoc] INFO  o.e.m.c.i.e.AbstractTransferListenerAdapter - Downloaded https://repo.maven.apache.org/maven2/org/mockito/mockito-junit-jupiter/5.14.2/mockito-junit-jupiter-5.14.2-sources.jar
2024-12-09 15:03:17,108 [Worker-4: Download sources and javadoc] INFO  o.e.m.j.internal.DownloadSourcesJob - Downloaded sources for org.mockito:mockito-junit-jupiter:5.14.2
2024-12-09 15:03:17,263 [Worker-4: Download sources and javadoc] INFO  o.e.m.c.i.e.AbstractTransferListenerAdapter - Downloading https://repo.maven.apache.org/maven2/org/springframework/spring-test/6.2.0/spring-test-6.2.0-sources.jar
2024-12-09 15:03:17,375 [Worker-4: Download sources and javadoc] INFO  o.e.m.c.i.e.AbstractTransferListenerAdapter - Downloaded https://repo.maven.apache.org/maven2/org/springframework/spring-test/6.2.0/spring-test-6.2.0-sources.jar
2024-12-09 15:03:17,383 [Worker-4: Download sources and javadoc] INFO  o.e.m.j.internal.DownloadSourcesJob - Downloaded sources for org.springframework:spring-test:6.2.0
2024-12-09 15:03:17,439 [Worker-4: Download sources and javadoc] INFO  o.e.m.c.i.e.AbstractTransferListenerAdapter - Downloading https://repo.maven.apache.org/maven2/org/xmlunit/xmlunit-core/2.10.0/xmlunit-core-2.10.0-sources.jar
2024-12-09 15:03:17,460 [Worker-4: Download sources and javadoc] INFO  o.e.m.c.i.e.AbstractTransferListenerAdapter - Downloaded https://repo.maven.apache.org/maven2/org/xmlunit/xmlunit-core/2.10.0/xmlunit-core-2.10.0-sources.jar
2024-12-09 15:03:17,468 [Worker-4: Download sources and javadoc] INFO  o.e.m.j.internal.DownloadSourcesJob - Downloaded sources for org.xmlunit:xmlunit-core:2.10.0
2024-12-09 15:03:18,519 [Worker-22: Building] INFO  o.a.m.s.f.DefaultMavenResourcesFiltering - Copying 1 resource from src\main\resources to target\classes
2024-12-09 15:03:18,554 [Worker-22: Building] INFO  o.a.m.s.f.DefaultMavenResourcesFiltering - Copying 0 resource from src\main\resources to target\classes
2024-12-09 15:03:18,561 [Worker-22: Building] INFO  o.a.m.s.f.DefaultMavenResourcesFiltering - skip non existing resourceDirectory D:\project\Hybrid_backend\hybrid_backend\src\test\resources
2024-12-09 15:04:14,752 [Worker-16: Building] INFO  o.e.m.c.i.l.LifecycleMappingFactory - Using org.eclipse.m2e.jdt.JarLifecycleMapping lifecycle mapping for MavenProject: com.example:hybrid_backend:0.0.1-SNAPSHOT @ D:\project\Hybrid_backend\hybrid_backend\pom.xml.
2024-12-09 15:04:15,164 [Worker-16: Building] INFO  o.e.m.c.i.e.AbstractTransferListenerAdapter - Downloading https://repo.maven.apache.org/maven2/org/springframework/boot/spring-boot-starter-web/3.4.0/spring-boot-starter-web-3.4.0.pom
2024-12-09 15:04:15,172 [Worker-16: Building] INFO  o.e.m.c.i.e.AbstractTransferListenerAdapter - Downloaded https://repo.maven.apache.org/maven2/org/springframework/boot/spring-boot-starter-web/3.4.0/spring-boot-starter-web-3.4.0.pom
2024-12-09 15:04:15,235 [Worker-16: Building] INFO  o.e.m.c.i.e.AbstractTransferListenerAdapter - Downloading https://repo.maven.apache.org/maven2/org/springframework/boot/spring-boot-starter-json/3.4.0/spring-boot-starter-json-3.4.0.pom
2024-12-09 15:04:15,246 [Worker-16: Building] INFO  o.e.m.c.i.e.AbstractTransferListenerAdapter - Downloaded https://repo.maven.apache.org/maven2/org/springframework/boot/spring-boot-starter-json/3.4.0/spring-boot-starter-json-3.4.0.pom
2024-12-09 15:04:15,352 [Worker-16: Building] INFO  o.e.m.c.i.e.AbstractTransferListenerAdapter - Downloading https://repo.maven.apache.org/maven2/org/springframework/spring-web/6.2.0/spring-web-6.2.0.pom
2024-12-09 15:04:15,359 [Worker-16: Building] INFO  o.e.m.c.i.e.AbstractTransferListenerAdapter - Downloaded https://repo.maven.apache.org/maven2/org/springframework/spring-web/6.2.0/spring-web-6.2.0.pom
2024-12-09 15:04:15,387 [Worker-16: Building] INFO  o.e.m.c.i.e.AbstractTransferListenerAdapter - Downloading https://repo.maven.apache.org/maven2/com/fasterxml/jackson/core/jackson-databind/2.18.1/jackson-databind-2.18.1.pom
2024-12-09 15:04:15,397 [Worker-16: Building] INFO  o.e.m.c.i.e.AbstractTransferListenerAdapter - Downloaded https://repo.maven.apache.org/maven2/com/fasterxml/jackson/core/jackson-databind/2.18.1/jackson-databind-2.18.1.pom
2024-12-09 15:04:15,450 [Worker-16: Building] INFO  o.e.m.c.i.e.AbstractTransferListenerAdapter - Downloading https://repo.maven.apache.org/maven2/com/fasterxml/jackson/jackson-base/2.18.1/jackson-base-2.18.1.pom
2024-12-09 15:04:15,457 [Worker-16: Building] INFO  o.e.m.c.i.e.AbstractTransferListenerAdapter - Downloaded https://repo.maven.apache.org/maven2/com/fasterxml/jackson/jackson-base/2.18.1/jackson-base-2.18.1.pom
2024-12-09 15:04:15,510 [Worker-16: Building] INFO  o.e.m.c.i.e.AbstractTransferListenerAdapter - Downloading https://repo.maven.apache.org/maven2/com/fasterxml/jackson/core/jackson-annotations/2.18.1/jackson-annotations-2.18.1.pom
2024-12-09 15:04:15,517 [Worker-16: Building] INFO  o.e.m.c.i.e.AbstractTransferListenerAdapter - Downloaded https://repo.maven.apache.org/maven2/com/fasterxml/jackson/core/jackson-annotations/2.18.1/jackson-annotations-2.18.1.pom
2024-12-09 15:04:15,567 [Worker-16: Building] INFO  o.e.m.c.i.e.AbstractTransferListenerAdapter - Downloading https://repo.maven.apache.org/maven2/com/fasterxml/jackson/core/jackson-core/2.18.1/jackson-core-2.18.1.pom
2024-12-09 15:04:15,574 [Worker-16: Building] INFO  o.e.m.c.i.e.AbstractTransferListenerAdapter - Downloaded https://repo.maven.apache.org/maven2/com/fasterxml/jackson/core/jackson-core/2.18.1/jackson-core-2.18.1.pom
2024-12-09 15:04:15,602 [Worker-16: Building] INFO  o.e.m.c.i.e.AbstractTransferListenerAdapter - Downloading https://repo.maven.apache.org/maven2/com/fasterxml/jackson/datatype/jackson-datatype-jdk8/2.18.1/jackson-datatype-jdk8-2.18.1.pom
2024-12-09 15:04:15,609 [Worker-16: Building] INFO  o.e.m.c.i.e.AbstractTransferListenerAdapter - Downloaded https://repo.maven.apache.org/maven2/com/fasterxml/jackson/datatype/jackson-datatype-jdk8/2.18.1/jackson-datatype-jdk8-2.18.1.pom
2024-12-09 15:04:15,643 [Worker-16: Building] INFO  o.e.m.c.i.e.AbstractTransferListenerAdapter - Downloading https://repo.maven.apache.org/maven2/com/fasterxml/jackson/module/jackson-modules-java8/2.18.1/jackson-modules-java8-2.18.1.pom
2024-12-09 15:04:15,650 [Worker-16: Building] INFO  o.e.m.c.i.e.AbstractTransferListenerAdapter - Downloaded https://repo.maven.apache.org/maven2/com/fasterxml/jackson/module/jackson-modules-java8/2.18.1/jackson-modules-java8-2.18.1.pom
2024-12-09 15:04:15,680 [Worker-16: Building] INFO  o.e.m.c.i.e.AbstractTransferListenerAdapter - Downloading https://repo.maven.apache.org/maven2/com/fasterxml/jackson/datatype/jackson-datatype-jsr310/2.18.1/jackson-datatype-jsr310-2.18.1.pom
2024-12-09 15:04:15,687 [Worker-16: Building] INFO  o.e.m.c.i.e.AbstractTransferListenerAdapter - Downloaded https://repo.maven.apache.org/maven2/com/fasterxml/jackson/datatype/jackson-datatype-jsr310/2.18.1/jackson-datatype-jsr310-2.18.1.pom
2024-12-09 15:04:15,716 [Worker-16: Building] INFO  o.e.m.c.i.e.AbstractTransferListenerAdapter - Downloading https://repo.maven.apache.org/maven2/com/fasterxml/jackson/module/jackson-module-parameter-names/2.18.1/jackson-module-parameter-names-2.18.1.pom
2024-12-09 15:04:15,724 [Worker-16: Building] INFO  o.e.m.c.i.e.AbstractTransferListenerAdapter - Downloaded https://repo.maven.apache.org/maven2/com/fasterxml/jackson/module/jackson-module-parameter-names/2.18.1/jackson-module-parameter-names-2.18.1.pom
2024-12-09 15:04:15,759 [Worker-16: Building] INFO  o.e.m.c.i.e.AbstractTransferListenerAdapter - Downloading https://repo.maven.apache.org/maven2/org/springframework/boot/spring-boot-starter-tomcat/3.4.0/spring-boot-starter-tomcat-3.4.0.pom
2024-12-09 15:04:15,767 [Worker-16: Building] INFO  o.e.m.c.i.e.AbstractTransferListenerAdapter - Downloaded https://repo.maven.apache.org/maven2/org/springframework/boot/spring-boot-starter-tomcat/3.4.0/spring-boot-starter-tomcat-3.4.0.pom
2024-12-09 15:04:15,805 [Worker-16: Building] INFO  o.e.m.c.i.e.AbstractTransferListenerAdapter - Downloading https://repo.maven.apache.org/maven2/org/apache/tomcat/embed/tomcat-embed-core/10.1.33/tomcat-embed-core-10.1.33.pom
2024-12-09 15:04:15,812 [Worker-16: Building] INFO  o.e.m.c.i.e.AbstractTransferListenerAdapter - Downloaded https://repo.maven.apache.org/maven2/org/apache/tomcat/embed/tomcat-embed-core/10.1.33/tomcat-embed-core-10.1.33.pom
2024-12-09 15:04:15,835 [Worker-16: Building] INFO  o.e.m.c.i.e.AbstractTransferListenerAdapter - Downloading https://repo.maven.apache.org/maven2/org/apache/tomcat/embed/tomcat-embed-el/10.1.33/tomcat-embed-el-10.1.33.pom
2024-12-09 15:04:15,842 [Worker-16: Building] INFO  o.e.m.c.i.e.AbstractTransferListenerAdapter - Downloaded https://repo.maven.apache.org/maven2/org/apache/tomcat/embed/tomcat-embed-el/10.1.33/tomcat-embed-el-10.1.33.pom
2024-12-09 15:04:15,866 [Worker-16: Building] INFO  o.e.m.c.i.e.AbstractTransferListenerAdapter - Downloading https://repo.maven.apache.org/maven2/org/apache/tomcat/embed/tomcat-embed-websocket/10.1.33/tomcat-embed-websocket-10.1.33.pom
2024-12-09 15:04:15,873 [Worker-16: Building] INFO  o.e.m.c.i.e.AbstractTransferListenerAdapter - Downloaded https://repo.maven.apache.org/maven2/org/apache/tomcat/embed/tomcat-embed-websocket/10.1.33/tomcat-embed-websocket-10.1.33.pom
2024-12-09 15:04:15,902 [Worker-16: Building] INFO  o.e.m.c.i.e.AbstractTransferListenerAdapter - Downloading https://repo.maven.apache.org/maven2/org/springframework/spring-webmvc/6.2.0/spring-webmvc-6.2.0.pom
2024-12-09 15:04:15,907 [Worker-16: Building] INFO  o.e.m.c.i.e.AbstractTransferListenerAdapter - Downloaded https://repo.maven.apache.org/maven2/org/springframework/spring-webmvc/6.2.0/spring-webmvc-6.2.0.pom
2024-12-09 15:04:15,939 [Worker-16: Building] INFO  o.e.m.c.i.e.AbstractTransferListenerAdapter - Downloading https://repo.maven.apache.org/maven2/org/springframework/boot/spring-boot-starter-thymeleaf/3.4.0/spring-boot-starter-thymeleaf-3.4.0.pom
2024-12-09 15:04:15,946 [Worker-16: Building] INFO  o.e.m.c.i.e.AbstractTransferListenerAdapter - Downloaded https://repo.maven.apache.org/maven2/org/springframework/boot/spring-boot-starter-thymeleaf/3.4.0/spring-boot-starter-thymeleaf-3.4.0.pom
2024-12-09 15:04:15,974 [Worker-16: Building] INFO  o.e.m.c.i.e.AbstractTransferListenerAdapter - Downloading https://repo.maven.apache.org/maven2/org/thymeleaf/thymeleaf-spring6/3.1.2.RELEASE/thymeleaf-spring6-3.1.2.RELEASE.pom
2024-12-09 15:04:15,980 [Worker-16: Building] INFO  o.e.m.c.i.e.AbstractTransferListenerAdapter - Downloaded https://repo.maven.apache.org/maven2/org/thymeleaf/thymeleaf-spring6/3.1.2.RELEASE/thymeleaf-spring6-3.1.2.RELEASE.pom
2024-12-09 15:04:16,007 [Worker-16: Building] INFO  o.e.m.c.i.e.AbstractTransferListenerAdapter - Downloading https://repo.maven.apache.org/maven2/org/thymeleaf/thymeleaf-lib/3.1.2.RELEASE/thymeleaf-lib-3.1.2.RELEASE.pom
2024-12-09 15:04:16,014 [Worker-16: Building] INFO  o.e.m.c.i.e.AbstractTransferListenerAdapter - Downloaded https://repo.maven.apache.org/maven2/org/thymeleaf/thymeleaf-lib/3.1.2.RELEASE/thymeleaf-lib-3.1.2.RELEASE.pom
2024-12-09 15:04:16,036 [Worker-16: Building] INFO  o.e.m.c.i.e.AbstractTransferListenerAdapter - Downloading https://repo.maven.apache.org/maven2/org/thymeleaf/thymeleaf-parent/3.1.2.RELEASE/thymeleaf-parent-3.1.2.RELEASE.pom
2024-12-09 15:04:16,045 [Worker-16: Building] INFO  o.e.m.c.i.e.AbstractTransferListenerAdapter - Downloaded https://repo.maven.apache.org/maven2/org/thymeleaf/thymeleaf-parent/3.1.2.RELEASE/thymeleaf-parent-3.1.2.RELEASE.pom
2024-12-09 15:04:16,081 [Worker-16: Building] INFO  o.e.m.c.i.e.AbstractTransferListenerAdapter - Downloading https://repo.maven.apache.org/maven2/org/springframework/spring-framework-bom/6.0.11/spring-framework-bom-6.0.11.pom
2024-12-09 15:04:16,086 [Worker-16: Building] INFO  o.e.m.c.i.e.AbstractTransferListenerAdapter - Downloaded https://repo.maven.apache.org/maven2/org/springframework/spring-framework-bom/6.0.11/spring-framework-bom-6.0.11.pom
2024-12-09 15:04:16,109 [Worker-16: Building] INFO  o.e.m.c.i.e.AbstractTransferListenerAdapter - Downloading https://repo.maven.apache.org/maven2/com/fasterxml/jackson/jackson-bom/2.15.2/jackson-bom-2.15.2.pom
2024-12-09 15:04:16,118 [Worker-16: Building] INFO  o.e.m.c.i.e.AbstractTransferListenerAdapter - Downloaded https://repo.maven.apache.org/maven2/com/fasterxml/jackson/jackson-bom/2.15.2/jackson-bom-2.15.2.pom
2024-12-09 15:04:16,193 [Worker-16: Building] INFO  o.e.m.c.i.e.AbstractTransferListenerAdapter - Downloading https://repo.maven.apache.org/maven2/io/projectreactor/reactor-bom/2022.0.9/reactor-bom-2022.0.9.pom
2024-12-09 15:04:16,198 [Worker-16: Building] INFO  o.e.m.c.i.e.AbstractTransferListenerAdapter - Downloaded https://repo.maven.apache.org/maven2/io/projectreactor/reactor-bom/2022.0.9/reactor-bom-2022.0.9.pom
2024-12-09 15:04:16,224 [Worker-16: Building] INFO  o.e.m.c.i.e.AbstractTransferListenerAdapter - Downloading https://repo.maven.apache.org/maven2/org/apache/logging/log4j/log4j-bom/2.20.0/log4j-bom-2.20.0.pom
2024-12-09 15:04:16,230 [Worker-16: Building] INFO  o.e.m.c.i.e.AbstractTransferListenerAdapter - Downloaded https://repo.maven.apache.org/maven2/org/apache/logging/log4j/log4j-bom/2.20.0/log4j-bom-2.20.0.pom
2024-12-09 15:04:16,252 [Worker-16: Building] INFO  o.e.m.c.i.e.AbstractTransferListenerAdapter - Downloading https://repo.maven.apache.org/maven2/org/apache/logging/logging-parent/7/logging-parent-7.pom
2024-12-09 15:04:16,257 [Worker-16: Building] INFO  o.e.m.c.i.e.AbstractTransferListenerAdapter - Downloaded https://repo.maven.apache.org/maven2/org/apache/logging/logging-parent/7/logging-parent-7.pom
2024-12-09 15:04:16,285 [Worker-16: Building] INFO  o.e.m.c.i.e.AbstractTransferListenerAdapter - Downloading https://repo.maven.apache.org/maven2/org/thymeleaf/thymeleaf/3.1.2.RELEASE/thymeleaf-3.1.2.RELEASE.pom
2024-12-09 15:04:16,291 [Worker-16: Building] INFO  o.e.m.c.i.e.AbstractTransferListenerAdapter - Downloaded https://repo.maven.apache.org/maven2/org/thymeleaf/thymeleaf/3.1.2.RELEASE/thymeleaf-3.1.2.RELEASE.pom
2024-12-09 15:04:16,338 [Worker-16: Building] INFO  o.e.m.c.i.e.AbstractTransferListenerAdapter - Downloading https://repo.maven.apache.org/maven2/org/attoparser/attoparser/2.0.7.RELEASE/attoparser-2.0.7.RELEASE.pom
2024-12-09 15:04:16,345 [Worker-16: Building] INFO  o.e.m.c.i.e.AbstractTransferListenerAdapter - Downloaded https://repo.maven.apache.org/maven2/org/attoparser/attoparser/2.0.7.RELEASE/attoparser-2.0.7.RELEASE.pom
2024-12-09 15:04:16,367 [Worker-16: Building] INFO  o.e.m.c.i.e.AbstractTransferListenerAdapter - Downloading https://repo.maven.apache.org/maven2/org/unbescape/unbescape/1.1.6.RELEASE/unbescape-1.1.6.RELEASE.pom
2024-12-09 15:04:16,373 [Worker-16: Building] INFO  o.e.m.c.i.e.AbstractTransferListenerAdapter - Downloaded https://repo.maven.apache.org/maven2/org/unbescape/unbescape/1.1.6.RELEASE/unbescape-1.1.6.RELEASE.pom
2024-12-09 15:04:16,680 [Worker-16: Building] INFO  o.e.m.c.i.e.AbstractTransferListenerAdapter - Downloading https://repo.maven.apache.org/maven2/org/springframework/boot/spring-boot-starter-web/3.4.0/spring-boot-starter-web-3.4.0.jar
2024-12-09 15:04:16,686 [Worker-16: Building] INFO  o.e.m.c.i.e.AbstractTransferListenerAdapter - Downloaded https://repo.maven.apache.org/maven2/org/springframework/boot/spring-boot-starter-web/3.4.0/spring-boot-starter-web-3.4.0.jar
2024-12-09 15:04:16,731 [BasicRepositoryConnector-repo.maven.apache.org-1-0] INFO  o.e.m.c.i.e.AbstractTransferListenerAdapter - Downloading https://repo.maven.apache.org/maven2/org/springframework/boot/spring-boot-starter-json/3.4.0/spring-boot-starter-json-3.4.0.jar
2024-12-09 15:04:16,738 [BasicRepositoryConnector-repo.maven.apache.org-1-0] INFO  o.e.m.c.i.e.AbstractTransferListenerAdapter - Downloaded https://repo.maven.apache.org/maven2/org/springframework/boot/spring-boot-starter-json/3.4.0/spring-boot-starter-json-3.4.0.jar
2024-12-09 15:04:16,753 [BasicRepositoryConnector-repo.maven.apache.org-1-0] INFO  o.e.m.c.i.e.AbstractTransferListenerAdapter - Downloading https://repo.maven.apache.org/maven2/com/fasterxml/jackson/datatype/jackson-datatype-jsr310/2.18.1/jackson-datatype-jsr310-2.18.1.jar
2024-12-09 15:04:16,786 [BasicRepositoryConnector-repo.maven.apache.org-1-2] INFO  o.e.m.c.i.e.AbstractTransferListenerAdapter - Downloading https://repo.maven.apache.org/maven2/com/fasterxml/jackson/core/jackson-annotations/2.18.1/jackson-annotations-2.18.1.jar
2024-12-09 15:04:16,789 [BasicRepositoryConnector-repo.maven.apache.org-1-3] INFO  o.e.m.c.i.e.AbstractTransferListenerAdapter - Downloading https://repo.maven.apache.org/maven2/com/fasterxml/jackson/core/jackson-core/2.18.1/jackson-core-2.18.1.jar
2024-12-09 15:04:16,792 [BasicRepositoryConnector-repo.maven.apache.org-1-1] INFO  o.e.m.c.i.e.AbstractTransferListenerAdapter - Downloading https://repo.maven.apache.org/maven2/com/fasterxml/jackson/core/jackson-databind/2.18.1/jackson-databind-2.18.1.jar
2024-12-09 15:04:16,793 [BasicRepositoryConnector-repo.maven.apache.org-1-4] INFO  o.e.m.c.i.e.AbstractTransferListenerAdapter - Downloading https://repo.maven.apache.org/maven2/com/fasterxml/jackson/datatype/jackson-datatype-jdk8/2.18.1/jackson-datatype-jdk8-2.18.1.jar
2024-12-09 15:04:16,801 [BasicRepositoryConnector-repo.maven.apache.org-1-0] INFO  o.e.m.c.i.e.AbstractTransferListenerAdapter - Downloaded https://repo.maven.apache.org/maven2/com/fasterxml/jackson/datatype/jackson-datatype-jsr310/2.18.1/jackson-datatype-jsr310-2.18.1.jar
2024-12-09 15:04:16,804 [BasicRepositoryConnector-repo.maven.apache.org-1-4] INFO  o.e.m.c.i.e.AbstractTransferListenerAdapter - Downloaded https://repo.maven.apache.org/maven2/com/fasterxml/jackson/datatype/jackson-datatype-jdk8/2.18.1/jackson-datatype-jdk8-2.18.1.jar
2024-12-09 15:04:16,811 [BasicRepositoryConnector-repo.maven.apache.org-1-2] INFO  o.e.m.c.i.e.AbstractTransferListenerAdapter - Downloaded https://repo.maven.apache.org/maven2/com/fasterxml/jackson/core/jackson-annotations/2.18.1/jackson-annotations-2.18.1.jar
2024-12-09 15:04:16,822 [BasicRepositoryConnector-repo.maven.apache.org-1-0] INFO  o.e.m.c.i.e.AbstractTransferListenerAdapter - Downloading https://repo.maven.apache.org/maven2/com/fasterxml/jackson/module/jackson-module-parameter-names/2.18.1/jackson-module-parameter-names-2.18.1.jar
2024-12-09 15:04:16,823 [BasicRepositoryConnector-repo.maven.apache.org-1-4] INFO  o.e.m.c.i.e.AbstractTransferListenerAdapter - Downloading https://repo.maven.apache.org/maven2/org/springframework/boot/spring-boot-starter-tomcat/3.4.0/spring-boot-starter-tomcat-3.4.0.jar
2024-12-09 15:04:16,829 [BasicRepositoryConnector-repo.maven.apache.org-1-0] INFO  o.e.m.c.i.e.AbstractTransferListenerAdapter - Downloaded https://repo.maven.apache.org/maven2/com/fasterxml/jackson/module/jackson-module-parameter-names/2.18.1/jackson-module-parameter-names-2.18.1.jar
2024-12-09 15:04:16,831 [BasicRepositoryConnector-repo.maven.apache.org-1-4] INFO  o.e.m.c.i.e.AbstractTransferListenerAdapter - Downloaded https://repo.maven.apache.org/maven2/org/springframework/boot/spring-boot-starter-tomcat/3.4.0/spring-boot-starter-tomcat-3.4.0.jar
2024-12-09 15:04:16,843 [BasicRepositoryConnector-repo.maven.apache.org-1-2] INFO  o.e.m.c.i.e.AbstractTransferListenerAdapter - Downloading https://repo.maven.apache.org/maven2/org/apache/tomcat/embed/tomcat-embed-core/10.1.33/tomcat-embed-core-10.1.33.jar
2024-12-09 15:04:16,862 [BasicRepositoryConnector-repo.maven.apache.org-1-3] INFO  o.e.m.c.i.e.AbstractTransferListenerAdapter - Downloaded https://repo.maven.apache.org/maven2/com/fasterxml/jackson/core/jackson-core/2.18.1/jackson-core-2.18.1.jar
2024-12-09 15:04:16,867 [BasicRepositoryConnector-repo.maven.apache.org-1-4] INFO  o.e.m.c.i.e.AbstractTransferListenerAdapter - Downloading https://repo.maven.apache.org/maven2/org/apache/tomcat/embed/tomcat-embed-websocket/10.1.33/tomcat-embed-websocket-10.1.33.jar
2024-12-09 15:04:16,867 [BasicRepositoryConnector-repo.maven.apache.org-1-0] INFO  o.e.m.c.i.e.AbstractTransferListenerAdapter - Downloading https://repo.maven.apache.org/maven2/org/apache/tomcat/embed/tomcat-embed-el/10.1.33/tomcat-embed-el-10.1.33.jar
2024-12-09 15:04:16,902 [BasicRepositoryConnector-repo.maven.apache.org-1-3] INFO  o.e.m.c.i.e.AbstractTransferListenerAdapter - Downloading https://repo.maven.apache.org/maven2/org/springframework/spring-web/6.2.0/spring-web-6.2.0.jar
2024-12-09 15:04:16,927 [BasicRepositoryConnector-repo.maven.apache.org-1-0] INFO  o.e.m.c.i.e.AbstractTransferListenerAdapter - Downloaded https://repo.maven.apache.org/maven2/org/apache/tomcat/embed/tomcat-embed-el/10.1.33/tomcat-embed-el-10.1.33.jar
2024-12-09 15:04:16,954 [BasicRepositoryConnector-repo.maven.apache.org-1-1] INFO  o.e.m.c.i.e.AbstractTransferListenerAdapter - Downloaded https://repo.maven.apache.org/maven2/com/fasterxml/jackson/core/jackson-databind/2.18.1/jackson-databind-2.18.1.jar
2024-12-09 15:04:16,967 [BasicRepositoryConnector-repo.maven.apache.org-1-0] INFO  o.e.m.c.i.e.AbstractTransferListenerAdapter - Downloading https://repo.maven.apache.org/maven2/org/springframework/spring-webmvc/6.2.0/spring-webmvc-6.2.0.jar
2024-12-09 15:04:16,978 [BasicRepositoryConnector-repo.maven.apache.org-1-4] INFO  o.e.m.c.i.e.AbstractTransferListenerAdapter - Downloaded https://repo.maven.apache.org/maven2/org/apache/tomcat/embed/tomcat-embed-websocket/10.1.33/tomcat-embed-websocket-10.1.33.jar
2024-12-09 15:04:17,011 [BasicRepositoryConnector-repo.maven.apache.org-1-1] INFO  o.e.m.c.i.e.AbstractTransferListenerAdapter - Downloading https://repo.maven.apache.org/maven2/org/springframework/boot/spring-boot-starter-thymeleaf/3.4.0/spring-boot-starter-thymeleaf-3.4.0.jar
2024-12-09 15:04:17,015 [BasicRepositoryConnector-repo.maven.apache.org-1-3] INFO  o.e.m.c.i.e.AbstractTransferListenerAdapter - Downloaded https://repo.maven.apache.org/maven2/org/springframework/spring-web/6.2.0/spring-web-6.2.0.jar
2024-12-09 15:04:17,019 [BasicRepositoryConnector-repo.maven.apache.org-1-1] INFO  o.e.m.c.i.e.AbstractTransferListenerAdapter - Downloaded https://repo.maven.apache.org/maven2/org/springframework/boot/spring-boot-starter-thymeleaf/3.4.0/spring-boot-starter-thymeleaf-3.4.0.jar
2024-12-09 15:04:17,027 [BasicRepositoryConnector-repo.maven.apache.org-1-4] INFO  o.e.m.c.i.e.AbstractTransferListenerAdapter - Downloading https://repo.maven.apache.org/maven2/org/thymeleaf/thymeleaf-spring6/3.1.2.RELEASE/thymeleaf-spring6-3.1.2.RELEASE.jar
2024-12-09 15:04:17,040 [BasicRepositoryConnector-repo.maven.apache.org-1-3] INFO  o.e.m.c.i.e.AbstractTransferListenerAdapter - Downloading https://repo.maven.apache.org/maven2/org/thymeleaf/thymeleaf/3.1.2.RELEASE/thymeleaf-3.1.2.RELEASE.jar
2024-12-09 15:04:17,043 [BasicRepositoryConnector-repo.maven.apache.org-1-4] INFO  o.e.m.c.i.e.AbstractTransferListenerAdapter - Downloaded https://repo.maven.apache.org/maven2/org/thymeleaf/thymeleaf-spring6/3.1.2.RELEASE/thymeleaf-spring6-3.1.2.RELEASE.jar
2024-12-09 15:04:17,046 [BasicRepositoryConnector-repo.maven.apache.org-1-1] INFO  o.e.m.c.i.e.AbstractTransferListenerAdapter - Downloading https://repo.maven.apache.org/maven2/org/attoparser/attoparser/2.0.7.RELEASE/attoparser-2.0.7.RELEASE.jar
2024-12-09 15:04:17,052 [BasicRepositoryConnector-repo.maven.apache.org-1-0] INFO  o.e.m.c.i.e.AbstractTransferListenerAdapter - Downloaded https://repo.maven.apache.org/maven2/org/springframework/spring-webmvc/6.2.0/spring-webmvc-6.2.0.jar
2024-12-09 15:04:17,073 [BasicRepositoryConnector-repo.maven.apache.org-1-1] INFO  o.e.m.c.i.e.AbstractTransferListenerAdapter - Downloaded https://repo.maven.apache.org/maven2/org/attoparser/attoparser/2.0.7.RELEASE/attoparser-2.0.7.RELEASE.jar
2024-12-09 15:04:17,100 [BasicRepositoryConnector-repo.maven.apache.org-1-4] INFO  o.e.m.c.i.e.AbstractTransferListenerAdapter - Downloading https://repo.maven.apache.org/maven2/org/unbescape/unbescape/1.1.6.RELEASE/unbescape-1.1.6.RELEASE.jar
2024-12-09 15:04:17,115 [BasicRepositoryConnector-repo.maven.apache.org-1-4] INFO  o.e.m.c.i.e.AbstractTransferListenerAdapter - Downloaded https://repo.maven.apache.org/maven2/org/unbescape/unbescape/1.1.6.RELEASE/unbescape-1.1.6.RELEASE.jar
2024-12-09 15:04:17,127 [BasicRepositoryConnector-repo.maven.apache.org-1-3] INFO  o.e.m.c.i.e.AbstractTransferListenerAdapter - Downloaded https://repo.maven.apache.org/maven2/org/thymeleaf/thymeleaf/3.1.2.RELEASE/thymeleaf-3.1.2.RELEASE.jar
2024-12-09 15:04:17,133 [BasicRepositoryConnector-repo.maven.apache.org-1-2] INFO  o.e.m.c.i.e.AbstractTransferListenerAdapter - Downloaded https://repo.maven.apache.org/maven2/org/apache/tomcat/embed/tomcat-embed-core/10.1.33/tomcat-embed-core-10.1.33.jar
2024-12-09 15:04:18,178 [Worker-16: Building] INFO  o.a.m.s.f.DefaultMavenResourcesFiltering - Copying 0 resource from src\main\resources to target\classes
2024-12-09 15:04:18,179 [Worker-16: Building] INFO  o.a.m.s.f.DefaultMavenResourcesFiltering - Copying 0 resource from src\main\resources to target\classes
2024-12-09 15:04:18,184 [Worker-16: Building] INFO  o.a.m.s.f.DefaultMavenResourcesFiltering - skip non existing resourceDirectory D:\project\Hybrid_backend\hybrid_backend\src\test\resources
2024-12-09 15:04:18,994 [Worker-22: Download sources and javadoc] INFO  o.e.m.c.i.e.AbstractTransferListenerAdapter - Downloading https://repo.maven.apache.org/maven2/org/springframework/boot/spring-boot-starter-web/3.4.0/spring-boot-starter-web-3.4.0-sources.jar
2024-12-09 15:04:19,003 [Worker-22: Download sources and javadoc] INFO  o.e.m.c.i.e.AbstractTransferListenerAdapter - Downloaded https://repo.maven.apache.org/maven2/org/springframework/boot/spring-boot-starter-web/3.4.0/spring-boot-starter-web-3.4.0-sources.jar
2024-12-09 15:04:19,012 [Worker-22: Download sources and javadoc] INFO  o.e.m.j.internal.DownloadSourcesJob - Downloaded sources for org.springframework.boot:spring-boot-starter-web:3.4.0
2024-12-09 15:04:19,441 [Worker-22: Download sources and javadoc] INFO  o.e.m.c.i.e.AbstractTransferListenerAdapter - Downloading https://repo.maven.apache.org/maven2/org/springframework/boot/spring-boot-starter-json/3.4.0/spring-boot-starter-json-3.4.0-sources.jar
2024-12-09 15:04:19,447 [Worker-22: Download sources and javadoc] INFO  o.e.m.c.i.e.AbstractTransferListenerAdapter - Downloaded https://repo.maven.apache.org/maven2/org/springframework/boot/spring-boot-starter-json/3.4.0/spring-boot-starter-json-3.4.0-sources.jar
2024-12-09 15:04:19,456 [Worker-22: Download sources and javadoc] INFO  o.e.m.j.internal.DownloadSourcesJob - Downloaded sources for org.springframework.boot:spring-boot-starter-json:3.4.0
2024-12-09 15:04:19,578 [Worker-22: Download sources and javadoc] INFO  o.e.m.c.i.e.AbstractTransferListenerAdapter - Downloading https://repo.maven.apache.org/maven2/com/fasterxml/jackson/core/jackson-databind/2.18.1/jackson-databind-2.18.1-sources.jar
2024-12-09 15:04:19,720 [Worker-22: Download sources and javadoc] INFO  o.e.m.c.i.e.AbstractTransferListenerAdapter - Downloaded https://repo.maven.apache.org/maven2/com/fasterxml/jackson/core/jackson-databind/2.18.1/jackson-databind-2.18.1-sources.jar
2024-12-09 15:04:19,731 [Worker-22: Download sources and javadoc] INFO  o.e.m.j.internal.DownloadSourcesJob - Downloaded sources for com.fasterxml.jackson.core:jackson-databind:2.18.1
2024-12-09 15:04:19,794 [Worker-22: Download sources and javadoc] INFO  o.e.m.c.i.e.AbstractTransferListenerAdapter - Downloading https://repo.maven.apache.org/maven2/com/fasterxml/jackson/core/jackson-annotations/2.18.1/jackson-annotations-2.18.1-sources.jar
2024-12-09 15:04:19,830 [Worker-22: Download sources and javadoc] INFO  o.e.m.c.i.e.AbstractTransferListenerAdapter - Downloaded https://repo.maven.apache.org/maven2/com/fasterxml/jackson/core/jackson-annotations/2.18.1/jackson-annotations-2.18.1-sources.jar
2024-12-09 15:04:19,847 [Worker-22: Download sources and javadoc] INFO  o.e.m.j.internal.DownloadSourcesJob - Downloaded sources for com.fasterxml.jackson.core:jackson-annotations:2.18.1
2024-12-09 15:04:20,016 [Worker-22: Download sources and javadoc] INFO  o.e.m.c.i.e.AbstractTransferListenerAdapter - Downloading https://repo.maven.apache.org/maven2/com/fasterxml/jackson/core/jackson-core/2.18.1/jackson-core-2.18.1-sources.jar
2024-12-09 15:04:20,081 [Worker-22: Download sources and javadoc] INFO  o.e.m.c.i.e.AbstractTransferListenerAdapter - Downloaded https://repo.maven.apache.org/maven2/com/fasterxml/jackson/core/jackson-core/2.18.1/jackson-core-2.18.1-sources.jar
2024-12-09 15:04:20,091 [Worker-22: Download sources and javadoc] INFO  o.e.m.j.internal.DownloadSourcesJob - Downloaded sources for com.fasterxml.jackson.core:jackson-core:2.18.1
2024-12-09 15:04:21,824 [Worker-22: Download sources and javadoc] INFO  o.e.m.c.i.e.AbstractTransferListenerAdapter - Downloading https://repo.maven.apache.org/maven2/com/fasterxml/jackson/datatype/jackson-datatype-jdk8/2.18.1/jackson-datatype-jdk8-2.18.1-sources.jar
2024-12-09 15:04:21,832 [Worker-22: Download sources and javadoc] INFO  o.e.m.c.i.e.AbstractTransferListenerAdapter - Downloaded https://repo.maven.apache.org/maven2/com/fasterxml/jackson/datatype/jackson-datatype-jdk8/2.18.1/jackson-datatype-jdk8-2.18.1-sources.jar
2024-12-09 15:04:21,842 [Worker-22: Download sources and javadoc] INFO  o.e.m.j.internal.DownloadSourcesJob - Downloaded sources for com.fasterxml.jackson.datatype:jackson-datatype-jdk8:2.18.1
2024-12-09 15:04:21,851 [Worker-6: Building] INFO  o.e.m.c.i.l.LifecycleMappingFactory - Using org.eclipse.m2e.jdt.JarLifecycleMapping lifecycle mapping for MavenProject: com.example:hybrid_backend:0.0.1-SNAPSHOT @ D:\project\Hybrid_backend\hybrid_backend\pom.xml.
2024-12-09 15:04:21,978 [Worker-22: Download sources and javadoc] INFO  o.e.m.c.i.e.AbstractTransferListenerAdapter - Downloading https://repo.maven.apache.org/maven2/com/fasterxml/jackson/datatype/jackson-datatype-jsr310/2.18.1/jackson-datatype-jsr310-2.18.1-sources.jar
2024-12-09 15:04:21,987 [Worker-22: Download sources and javadoc] INFO  o.e.m.c.i.e.AbstractTransferListenerAdapter - Downloaded https://repo.maven.apache.org/maven2/com/fasterxml/jackson/datatype/jackson-datatype-jsr310/2.18.1/jackson-datatype-jsr310-2.18.1-sources.jar
2024-12-09 15:04:21,996 [Worker-22: Download sources and javadoc] INFO  o.e.m.j.internal.DownloadSourcesJob - Downloaded sources for com.fasterxml.jackson.datatype:jackson-datatype-jsr310:2.18.1
2024-12-09 15:04:22,131 [Worker-22: Download sources and javadoc] INFO  o.e.m.c.i.e.AbstractTransferListenerAdapter - Downloading https://repo.maven.apache.org/maven2/com/fasterxml/jackson/module/jackson-module-parameter-names/2.18.1/jackson-module-parameter-names-2.18.1-sources.jar
2024-12-09 15:04:22,138 [Worker-22: Download sources and javadoc] INFO  o.e.m.c.i.e.AbstractTransferListenerAdapter - Downloaded https://repo.maven.apache.org/maven2/com/fasterxml/jackson/module/jackson-module-parameter-names/2.18.1/jackson-module-parameter-names-2.18.1-sources.jar
2024-12-09 15:04:22,147 [Worker-22: Download sources and javadoc] INFO  o.e.m.j.internal.DownloadSourcesJob - Downloaded sources for com.fasterxml.jackson.module:jackson-module-parameter-names:2.18.1
2024-12-09 15:04:22,354 [Worker-22: Download sources and javadoc] INFO  o.e.m.c.i.e.AbstractTransferListenerAdapter - Downloading https://repo.maven.apache.org/maven2/org/springframework/boot/spring-boot-starter-tomcat/3.4.0/spring-boot-starter-tomcat-3.4.0-sources.jar
2024-12-09 15:04:22,361 [Worker-22: Download sources and javadoc] INFO  o.e.m.c.i.e.AbstractTransferListenerAdapter - Downloaded https://repo.maven.apache.org/maven2/org/springframework/boot/spring-boot-starter-tomcat/3.4.0/spring-boot-starter-tomcat-3.4.0-sources.jar
2024-12-09 15:04:22,369 [Worker-22: Download sources and javadoc] INFO  o.e.m.j.internal.DownloadSourcesJob - Downloaded sources for org.springframework.boot:spring-boot-starter-tomcat:3.4.0
2024-12-09 15:04:22,589 [Worker-22: Download sources and javadoc] INFO  o.e.m.c.i.e.AbstractTransferListenerAdapter - Downloading https://repo.maven.apache.org/maven2/org/apache/tomcat/embed/tomcat-embed-core/10.1.33/tomcat-embed-core-10.1.33-sources.jar
2024-12-09 15:04:22,835 [Worker-22: Download sources and javadoc] INFO  o.e.m.c.i.e.AbstractTransferListenerAdapter - Downloaded https://repo.maven.apache.org/maven2/org/apache/tomcat/embed/tomcat-embed-core/10.1.33/tomcat-embed-core-10.1.33-sources.jar
2024-12-09 15:04:22,844 [Worker-22: Download sources and javadoc] INFO  o.e.m.j.internal.DownloadSourcesJob - Downloaded sources for org.apache.tomcat.embed:tomcat-embed-core:10.1.33
2024-12-09 15:04:22,965 [Worker-22: Download sources and javadoc] INFO  o.e.m.c.i.e.AbstractTransferListenerAdapter - Downloading https://repo.maven.apache.org/maven2/org/apache/tomcat/embed/tomcat-embed-el/10.1.33/tomcat-embed-el-10.1.33-sources.jar
2024-12-09 15:04:23,030 [Worker-22: Download sources and javadoc] INFO  o.e.m.c.i.e.AbstractTransferListenerAdapter - Downloaded https://repo.maven.apache.org/maven2/org/apache/tomcat/embed/tomcat-embed-el/10.1.33/tomcat-embed-el-10.1.33-sources.jar
2024-12-09 15:04:23,039 [Worker-22: Download sources and javadoc] INFO  o.e.m.j.internal.DownloadSourcesJob - Downloaded sources for org.apache.tomcat.embed:tomcat-embed-el:10.1.33
2024-12-09 15:04:23,146 [Worker-22: Download sources and javadoc] INFO  o.e.m.c.i.e.AbstractTransferListenerAdapter - Downloading https://repo.maven.apache.org/maven2/org/apache/tomcat/embed/tomcat-embed-websocket/10.1.33/tomcat-embed-websocket-10.1.33-sources.jar
2024-12-09 15:04:23,201 [Worker-22: Download sources and javadoc] INFO  o.e.m.c.i.e.AbstractTransferListenerAdapter - Downloaded https://repo.maven.apache.org/maven2/org/apache/tomcat/embed/tomcat-embed-websocket/10.1.33/tomcat-embed-websocket-10.1.33-sources.jar
2024-12-09 15:04:23,210 [Worker-22: Download sources and javadoc] INFO  o.e.m.j.internal.DownloadSourcesJob - Downloaded sources for org.apache.tomcat.embed:tomcat-embed-websocket:10.1.33
2024-12-09 15:04:23,282 [Worker-22: Download sources and javadoc] INFO  o.e.m.c.i.e.AbstractTransferListenerAdapter - Downloading https://repo.maven.apache.org/maven2/org/springframework/spring-web/6.2.0/spring-web-6.2.0-sources.jar
2024-12-09 15:04:23,410 [Worker-22: Download sources and javadoc] INFO  o.e.m.c.i.e.AbstractTransferListenerAdapter - Downloaded https://repo.maven.apache.org/maven2/org/springframework/spring-web/6.2.0/spring-web-6.2.0-sources.jar
2024-12-09 15:04:23,417 [Worker-22: Download sources and javadoc] INFO  o.e.m.j.internal.DownloadSourcesJob - Downloaded sources for org.springframework:spring-web:6.2.0
2024-12-09 15:04:23,492 [Worker-22: Download sources and javadoc] INFO  o.e.m.c.i.e.AbstractTransferListenerAdapter - Downloading https://repo.maven.apache.org/maven2/org/springframework/spring-webmvc/6.2.0/spring-webmvc-6.2.0-sources.jar
2024-12-09 15:04:23,575 [Worker-22: Download sources and javadoc] INFO  o.e.m.c.i.e.AbstractTransferListenerAdapter - Downloaded https://repo.maven.apache.org/maven2/org/springframework/spring-webmvc/6.2.0/spring-webmvc-6.2.0-sources.jar
2024-12-09 15:04:23,582 [Worker-22: Download sources and javadoc] INFO  o.e.m.j.internal.DownloadSourcesJob - Downloaded sources for org.springframework:spring-webmvc:6.2.0
2024-12-09 15:04:23,606 [Worker-6: Building] INFO  o.a.m.s.f.DefaultMavenResourcesFiltering - Copying 1 resource from src\main\resources to target\classes
2024-12-09 15:04:23,635 [Worker-6: Building] INFO  o.a.m.s.f.DefaultMavenResourcesFiltering - Copying 0 resource from src\main\resources to target\classes
2024-12-09 15:04:23,643 [Worker-6: Building] INFO  o.a.m.s.f.DefaultMavenResourcesFiltering - skip non existing resourceDirectory D:\project\Hybrid_backend\hybrid_backend\src\test\resources
2024-12-09 15:04:23,648 [Worker-22: Download sources and javadoc] INFO  o.e.m.c.i.e.AbstractTransferListenerAdapter - Downloading https://repo.maven.apache.org/maven2/org/springframework/boot/spring-boot-starter-thymeleaf/3.4.0/spring-boot-starter-thymeleaf-3.4.0-sources.jar
2024-12-09 15:04:23,655 [Worker-22: Download sources and javadoc] INFO  o.e.m.c.i.e.AbstractTransferListenerAdapter - Downloaded https://repo.maven.apache.org/maven2/org/springframework/boot/spring-boot-starter-thymeleaf/3.4.0/spring-boot-starter-thymeleaf-3.4.0-sources.jar
2024-12-09 15:04:23,663 [Worker-22: Download sources and javadoc] INFO  o.e.m.j.internal.DownloadSourcesJob - Downloaded sources for org.springframework.boot:spring-boot-starter-thymeleaf:3.4.0
2024-12-09 15:04:23,716 [Worker-22: Download sources and javadoc] INFO  o.e.m.c.i.e.AbstractTransferListenerAdapter - Downloading https://repo.maven.apache.org/maven2/org/thymeleaf/thymeleaf-spring6/3.1.2.RELEASE/thymeleaf-spring6-3.1.2.RELEASE-sources.jar
2024-12-09 15:04:23,750 [Worker-22: Download sources and javadoc] INFO  o.e.m.c.i.e.AbstractTransferListenerAdapter - Downloaded https://repo.maven.apache.org/maven2/org/thymeleaf/thymeleaf-spring6/3.1.2.RELEASE/thymeleaf-spring6-3.1.2.RELEASE-sources.jar
2024-12-09 15:04:23,756 [Worker-22: Download sources and javadoc] INFO  o.e.m.j.internal.DownloadSourcesJob - Downloaded sources for org.thymeleaf:thymeleaf-spring6:3.1.2.RELEASE
2024-12-09 15:04:23,828 [Worker-22: Download sources and javadoc] INFO  o.e.m.c.i.e.AbstractTransferListenerAdapter - Downloading https://repo.maven.apache.org/maven2/org/thymeleaf/thymeleaf/3.1.2.RELEASE/thymeleaf-3.1.2.RELEASE-sources.jar
2024-12-09 15:04:23,955 [Worker-22: Download sources and javadoc] INFO  o.e.m.c.i.e.AbstractTransferListenerAdapter - Downloaded https://repo.maven.apache.org/maven2/org/thymeleaf/thymeleaf/3.1.2.RELEASE/thymeleaf-3.1.2.RELEASE-sources.jar
2024-12-09 15:04:23,963 [Worker-22: Download sources and javadoc] INFO  o.e.m.j.internal.DownloadSourcesJob - Downloaded sources for org.thymeleaf:thymeleaf:3.1.2.RELEASE
2024-12-09 15:04:24,166 [Worker-22: Download sources and javadoc] INFO  o.e.m.c.i.e.AbstractTransferListenerAdapter - Downloading https://repo.maven.apache.org/maven2/org/attoparser/attoparser/2.0.7.RELEASE/attoparser-2.0.7.RELEASE-sources.jar
2024-12-09 15:04:24,217 [Worker-22: Download sources and javadoc] INFO  o.e.m.c.i.e.AbstractTransferListenerAdapter - Downloaded https://repo.maven.apache.org/maven2/org/attoparser/attoparser/2.0.7.RELEASE/attoparser-2.0.7.RELEASE-sources.jar
2024-12-09 15:04:24,223 [Worker-22: Download sources and javadoc] INFO  o.e.m.j.internal.DownloadSourcesJob - Downloaded sources for org.attoparser:attoparser:2.0.7.RELEASE
2024-12-09 15:04:24,354 [Worker-22: Download sources and javadoc] INFO  o.e.m.c.i.e.AbstractTransferListenerAdapter - Downloading https://repo.maven.apache.org/maven2/org/unbescape/unbescape/1.1.6.RELEASE/unbescape-1.1.6.RELEASE-sources.jar
2024-12-09 15:04:24,411 [Worker-22: Download sources and javadoc] INFO  o.e.m.c.i.e.AbstractTransferListenerAdapter - Downloaded https://repo.maven.apache.org/maven2/org/unbescape/unbescape/1.1.6.RELEASE/unbescape-1.1.6.RELEASE-sources.jar
2024-12-09 15:04:24,420 [Worker-22: Download sources and javadoc] INFO  o.e.m.j.internal.DownloadSourcesJob - Downloaded sources for org.unbescape:unbescape:1.1.6.RELEASE
2024-12-09 15:06:54,309 [Worker-12: Building] INFO  o.a.m.s.f.DefaultMavenResourcesFiltering - Copying 0 resource from src\main\resources to target\classes
2024-12-09 15:06:54,314 [Worker-12: Building] INFO  o.a.m.s.f.DefaultMavenResourcesFiltering - Copying 4 resources from src\main\resources to target\classes
2024-12-09 15:06:54,328 [Worker-12: Building] INFO  o.a.m.s.f.DefaultMavenResourcesFiltering - skip non existing resourceDirectory D:\project\Hybrid_backend\hybrid_backend\src\test\resources
2024-12-09 15:07:22,853 [Worker-17: Building] INFO  o.a.m.s.f.DefaultMavenResourcesFiltering - Copying 1 resource from src\main\resources to target\classes
2024-12-09 15:07:22,862 [Worker-17: Building] INFO  o.a.m.s.f.DefaultMavenResourcesFiltering - Copying 4 resources from src\main\resources to target\classes
2024-12-09 15:07:22,874 [Worker-17: Building] INFO  o.a.m.s.f.DefaultMavenResourcesFiltering - skip non existing resourceDirectory D:\project\Hybrid_backend\hybrid_backend\src\test\resources
2024-12-09 15:09:21,937 [Worker-19: Building] INFO  o.a.m.s.f.DefaultMavenResourcesFiltering - Copying 1 resource from src\main\resources to target\classes
2024-12-09 15:09:21,943 [Worker-19: Building] INFO  o.a.m.s.f.DefaultMavenResourcesFiltering - Copying 4 resources from src\main\resources to target\classes
2024-12-09 15:09:21,951 [Worker-19: Building] INFO  o.a.m.s.f.DefaultMavenResourcesFiltering - skip non existing resourceDirectory D:\project\Hybrid_backend\hybrid_backend\src\test\resources
2024-12-09 15:15:29,445 [Worker-3: Loading available Gradle versions] INFO  o.e.b.c.i.u.g.PublishedGradleVersions - Gradle version information cache is up-to-date. Trying to read.
2024-12-09 15:16:01,670 [Worker-0: Building] INFO  o.a.m.s.f.DefaultMavenResourcesFiltering - Copying 1 resource from src\main\resources to target\classes
2024-12-09 15:16:01,754 [Worker-0: Building] INFO  o.a.m.s.f.DefaultMavenResourcesFiltering - Copying 4 resources from src\main\resources to target\classes
2024-12-09 15:16:01,882 [Worker-0: Building] INFO  o.a.m.s.f.DefaultMavenResourcesFiltering - skip non existing resourceDirectory D:\project\Hybrid_backend\hybrid_backend\src\test\resources
2024-12-09 15:21:49,451 [Worker-31: Building] INFO  o.a.m.s.f.DefaultMavenResourcesFiltering - Copying 1 resource from src\main\resources to target\classes
2024-12-09 15:21:49,456 [Worker-31: Building] INFO  o.a.m.s.f.DefaultMavenResourcesFiltering - Copying 0 resource from src\main\resources to target\classes
2024-12-09 15:21:49,460 [Worker-31: Building] INFO  o.a.m.s.f.DefaultMavenResourcesFiltering - skip non existing resourceDirectory D:\project\Hybrid_backend\hybrid_backend\src\test\resources
2024-12-09 15:44:36,287 [Worker-37: Building] INFO  o.a.m.s.f.DefaultMavenResourcesFiltering - Copying 1 resource from src\main\resources to target\classes
2024-12-09 15:44:36,293 [Worker-37: Building] INFO  o.a.m.s.f.DefaultMavenResourcesFiltering - Copying 0 resource from src\main\resources to target\classes
2024-12-09 15:44:36,297 [Worker-37: Building] INFO  o.a.m.s.f.DefaultMavenResourcesFiltering - skip non existing resourceDirectory D:\project\Hybrid_backend\hybrid_backend\src\test\resources
2024-12-09 15:49:17,714 [Worker-40: Building] INFO  o.a.m.s.f.DefaultMavenResourcesFiltering - Copying 1 resource from src\main\resources to target\classes
2024-12-09 15:49:17,721 [Worker-40: Building] INFO  o.a.m.s.f.DefaultMavenResourcesFiltering - Copying 1 resource from src\main\resources to target\classes
2024-12-09 15:49:17,725 [Worker-40: Building] INFO  o.a.m.s.f.DefaultMavenResourcesFiltering - skip non existing resourceDirectory D:\project\Hybrid_backend\hybrid_backend\src\test\resources
2024-12-09 15:59:55,614 [Worker-44: Building] INFO  o.a.m.s.f.DefaultMavenResourcesFiltering - Copying 1 resource from src\main\resources to target\classes
2024-12-09 15:59:55,622 [Worker-44: Building] INFO  o.a.m.s.f.DefaultMavenResourcesFiltering - Copying 5 resources from src\main\resources to target\classes
2024-12-09 15:59:55,629 [Worker-44: Building] INFO  o.a.m.s.f.DefaultMavenResourcesFiltering - skip non existing resourceDirectory D:\project\Hybrid_backend\hybrid_backend\src\test\resources
2024-12-09 16:00:22,320 [Worker-44: Building] INFO  o.a.m.s.f.DefaultMavenResourcesFiltering - Copying 1 resource from src\main\resources to target\classes
2024-12-09 16:00:22,326 [Worker-44: Building] INFO  o.a.m.s.f.DefaultMavenResourcesFiltering - Copying 5 resources from src\main\resources to target\classes
2024-12-09 16:00:22,330 [Worker-44: Building] INFO  o.a.m.s.f.DefaultMavenResourcesFiltering - skip non existing resourceDirectory D:\project\Hybrid_backend\hybrid_backend\src\test\resources
2024-12-09 17:03:14,393 [Worker-50: Building] INFO  o.a.m.s.f.DefaultMavenResourcesFiltering - Copying 1 resource from src\main\resources to target\classes
2024-12-09 17:03:14,430 [Worker-50: Building] INFO  o.a.m.s.f.DefaultMavenResourcesFiltering - Copying 5 resources from src\main\resources to target\classes
2024-12-09 17:03:14,436 [Worker-50: Building] INFO  o.a.m.s.f.DefaultMavenResourcesFiltering - skip non existing resourceDirectory D:\project\Hybrid_backend\hybrid_backend\src\test\resources
2024-12-09 17:08:15,475 [Worker-53: Building] INFO  o.a.m.s.f.DefaultMavenResourcesFiltering - Copying 1 resource from src\main\resources to target\classes
2024-12-09 17:08:15,518 [Worker-53: Building] INFO  o.a.m.s.f.DefaultMavenResourcesFiltering - Copying 5 resources from src\main\resources to target\classes
2024-12-09 17:08:15,521 [Worker-53: Building] INFO  o.a.m.s.f.DefaultMavenResourcesFiltering - skip non existing resourceDirectory D:\project\Hybrid_backend\hybrid_backend\src\test\resources
2024-12-09 17:08:40,710 [Worker-53: Building] INFO  o.a.m.s.f.DefaultMavenResourcesFiltering - Copying 1 resource from src\main\resources to target\classes
2024-12-09 17:08:40,733 [Worker-53: Building] INFO  o.a.m.s.f.DefaultMavenResourcesFiltering - Copying 5 resources from src\main\resources to target\classes
2024-12-09 17:08:40,740 [Worker-53: Building] INFO  o.a.m.s.f.DefaultMavenResourcesFiltering - skip non existing resourceDirectory D:\project\Hybrid_backend\hybrid_backend\src\test\resources
2024-12-09 17:31:24,767 [Worker-56: Building] INFO  o.a.m.s.f.DefaultMavenResourcesFiltering - Copying 1 resource from src\main\resources to target\classes
2024-12-09 17:31:24,775 [Worker-56: Building] INFO  o.a.m.s.f.DefaultMavenResourcesFiltering - Copying 5 resources from src\main\resources to target\classes
2024-12-09 17:31:24,780 [Worker-56: Building] INFO  o.a.m.s.f.DefaultMavenResourcesFiltering - skip non existing resourceDirectory D:\project\Hybrid_backend\hybrid_backend\src\test\resources
2024-12-10 09:59:31,487 [Worker-79: Building] INFO  o.a.m.s.f.DefaultMavenResourcesFiltering - Copying 1 resource from src\main\resources to target\classes
2024-12-10 09:59:31,562 [Worker-79: Building] INFO  o.a.m.s.f.DefaultMavenResourcesFiltering - Copying 2 resources from src\main\resources to target\classes
2024-12-10 09:59:31,568 [Worker-79: Building] INFO  o.a.m.s.f.DefaultMavenResourcesFiltering - skip non existing resourceDirectory D:\project\Hybrid_backend\hybrid_backend\src\test\resources
2024-12-10 10:03:41,889 [Worker-9: Loading available Gradle versions] INFO  o.e.b.c.i.u.g.PublishedGradleVersions - Gradle version information cache is up-to-date. Trying to read.
2024-12-10 10:03:53,132 [Worker-7: Building] INFO  o.a.m.s.f.DefaultMavenResourcesFiltering - Copying 1 resource from src\main\resources to target\classes
2024-12-10 10:03:53,224 [Worker-7: Building] INFO  o.a.m.s.f.DefaultMavenResourcesFiltering - Copying 6 resources from src\main\resources to target\classes
2024-12-10 10:03:53,573 [Worker-7: Building] INFO  o.a.m.s.f.DefaultMavenResourcesFiltering - skip non existing resourceDirectory D:\project\Hybrid_backend\hybrid_backend\src\test\resources
2024-12-10 10:04:42,327 [Worker-22: Building] INFO  o.a.m.s.f.DefaultMavenResourcesFiltering - Copying 1 resource from src\main\resources to target\classes
2024-12-10 10:04:42,336 [Worker-22: Building] INFO  o.a.m.s.f.DefaultMavenResourcesFiltering - Copying 0 resource from src\main\resources to target\classes
2024-12-10 10:04:42,342 [Worker-22: Building] INFO  o.a.m.s.f.DefaultMavenResourcesFiltering - skip non existing resourceDirectory D:\project\Hybrid_backend\hybrid_backend\src\test\resources
2024-12-10 10:07:53,803 [Worker-21: Building] INFO  o.a.m.s.f.DefaultMavenResourcesFiltering - Copying 1 resource from src\main\resources to target\classes
2024-12-10 10:07:53,810 [Worker-21: Building] INFO  o.a.m.s.f.DefaultMavenResourcesFiltering - Copying 0 resource from src\main\resources to target\classes
2024-12-10 10:07:53,815 [Worker-21: Building] INFO  o.a.m.s.f.DefaultMavenResourcesFiltering - skip non existing resourceDirectory D:\project\Hybrid_backend\hybrid_backend\src\test\resources
2024-12-10 10:12:52,968 [Worker-16: Launching Executing install in D__project_Hybrid_backend_hybrid_backend] INFO  o.eclipse.m2e.core.internal.Bundles - getClasspathEntries(Bundle=org.eclipse.m2e.maven.runtime_3.9.900.20240824-1409 [1522])
2024-12-10 10:12:52,971 [Worker-16: Launching Executing install in D__project_Hybrid_backend_hybrid_backend] INFO  o.eclipse.m2e.core.internal.Bundles - 	Entry: C:\Users\ADMIN\Downloads\eclipse-jee-2023-09-R-win32-x86_64 (1)\eclipse\plugins\org.eclipse.m2e.maven.runtime_3.9.900.20240824-1409
2024-12-10 10:12:52,972 [Worker-16: Launching Executing install in D__project_Hybrid_backend_hybrid_backend] INFO  o.eclipse.m2e.core.internal.Bundles - 	Entry: C:\Users\ADMIN\Downloads\eclipse-jee-2023-09-R-win32-x86_64 (1)\eclipse\plugins\org.eclipse.m2e.maven.runtime_3.9.900.20240824-1409\jars\aopalliance-1.0.jar
2024-12-10 10:12:52,973 [Worker-16: Launching Executing install in D__project_Hybrid_backend_hybrid_backend] INFO  o.eclipse.m2e.core.internal.Bundles - 	Entry: C:\Users\ADMIN\Downloads\eclipse-jee-2023-09-R-win32-x86_64 (1)\eclipse\plugins\org.eclipse.m2e.maven.runtime_3.9.900.20240824-1409\jars\guice-5.1.0.jar
2024-12-10 10:12:52,973 [Worker-16: Launching Executing install in D__project_Hybrid_backend_hybrid_backend] INFO  o.eclipse.m2e.core.internal.Bundles - 	Entry: C:\Users\ADMIN\Downloads\eclipse-jee-2023-09-R-win32-x86_64 (1)\eclipse\plugins\org.eclipse.m2e.maven.runtime_3.9.900.20240824-1409\jars\httpclient-4.5.14.jar
2024-12-10 10:12:52,974 [Worker-16: Launching Executing install in D__project_Hybrid_backend_hybrid_backend] INFO  o.eclipse.m2e.core.internal.Bundles - 	Entry: C:\Users\ADMIN\Downloads\eclipse-jee-2023-09-R-win32-x86_64 (1)\eclipse\plugins\org.eclipse.m2e.maven.runtime_3.9.900.20240824-1409\jars\httpcore-4.4.16.jar
2024-12-10 10:12:52,975 [Worker-16: Launching Executing install in D__project_Hybrid_backend_hybrid_backend] INFO  o.eclipse.m2e.core.internal.Bundles - 	Entry: C:\Users\ADMIN\Downloads\eclipse-jee-2023-09-R-win32-x86_64 (1)\eclipse\plugins\org.eclipse.m2e.maven.runtime_3.9.900.20240824-1409\jars\jansi-2.4.1.jar
2024-12-10 10:12:52,976 [Worker-16: Launching Executing install in D__project_Hybrid_backend_hybrid_backend] INFO  o.eclipse.m2e.core.internal.Bundles - 	Entry: C:\Users\ADMIN\Downloads\eclipse-jee-2023-09-R-win32-x86_64 (1)\eclipse\plugins\org.eclipse.m2e.maven.runtime_3.9.900.20240824-1409\jars\jcl-over-slf4j-1.7.36.jar
2024-12-10 10:12:52,976 [Worker-16: Launching Executing install in D__project_Hybrid_backend_hybrid_backend] INFO  o.eclipse.m2e.core.internal.Bundles - 	Entry: C:\Users\ADMIN\Downloads\eclipse-jee-2023-09-R-win32-x86_64 (1)\eclipse\plugins\org.eclipse.m2e.maven.runtime_3.9.900.20240824-1409\jars\maven-artifact-3.9.9.jar
2024-12-10 10:12:52,977 [Worker-16: Launching Executing install in D__project_Hybrid_backend_hybrid_backend] INFO  o.eclipse.m2e.core.internal.Bundles - 	Entry: C:\Users\ADMIN\Downloads\eclipse-jee-2023-09-R-win32-x86_64 (1)\eclipse\plugins\org.eclipse.m2e.maven.runtime_3.9.900.20240824-1409\jars\maven-builder-support-3.9.9.jar
2024-12-10 10:12:52,977 [Worker-16: Launching Executing install in D__project_Hybrid_backend_hybrid_backend] INFO  o.eclipse.m2e.core.internal.Bundles - 	Entry: C:\Users\ADMIN\Downloads\eclipse-jee-2023-09-R-win32-x86_64 (1)\eclipse\plugins\org.eclipse.m2e.maven.runtime_3.9.900.20240824-1409\jars\maven-compat-3.9.9.jar
2024-12-10 10:12:52,978 [Worker-16: Launching Executing install in D__project_Hybrid_backend_hybrid_backend] INFO  o.eclipse.m2e.core.internal.Bundles - 	Entry: C:\Users\ADMIN\Downloads\eclipse-jee-2023-09-R-win32-x86_64 (1)\eclipse\plugins\org.eclipse.m2e.maven.runtime_3.9.900.20240824-1409\jars\maven-core-3.9.9.jar
2024-12-10 10:12:52,978 [Worker-16: Launching Executing install in D__project_Hybrid_backend_hybrid_backend] INFO  o.eclipse.m2e.core.internal.Bundles - 	Entry: C:\Users\ADMIN\Downloads\eclipse-jee-2023-09-R-win32-x86_64 (1)\eclipse\plugins\org.eclipse.m2e.maven.runtime_3.9.900.20240824-1409\jars\maven-embedder-3.9.9.jar
2024-12-10 10:12:52,979 [Worker-16: Launching Executing install in D__project_Hybrid_backend_hybrid_backend] INFO  o.eclipse.m2e.core.internal.Bundles - 	Entry: C:\Users\ADMIN\Downloads\eclipse-jee-2023-09-R-win32-x86_64 (1)\eclipse\plugins\org.eclipse.m2e.maven.runtime_3.9.900.20240824-1409\jars\maven-model-3.9.9.jar
2024-12-10 10:12:52,979 [Worker-16: Launching Executing install in D__project_Hybrid_backend_hybrid_backend] INFO  o.eclipse.m2e.core.internal.Bundles - 	Entry: C:\Users\ADMIN\Downloads\eclipse-jee-2023-09-R-win32-x86_64 (1)\eclipse\plugins\org.eclipse.m2e.maven.runtime_3.9.900.20240824-1409\jars\maven-model-builder-3.9.9.jar
2024-12-10 10:12:52,980 [Worker-16: Launching Executing install in D__project_Hybrid_backend_hybrid_backend] INFO  o.eclipse.m2e.core.internal.Bundles - 	Entry: C:\Users\ADMIN\Downloads\eclipse-jee-2023-09-R-win32-x86_64 (1)\eclipse\plugins\org.eclipse.m2e.maven.runtime_3.9.900.20240824-1409\jars\maven-plugin-api-3.9.9.jar
2024-12-10 10:12:52,980 [Worker-16: Launching Executing install in D__project_Hybrid_backend_hybrid_backend] INFO  o.eclipse.m2e.core.internal.Bundles - 	Entry: C:\Users\ADMIN\Downloads\eclipse-jee-2023-09-R-win32-x86_64 (1)\eclipse\plugins\org.eclipse.m2e.maven.runtime_3.9.900.20240824-1409\jars\maven-repository-metadata-3.9.9.jar
2024-12-10 10:12:52,981 [Worker-16: Launching Executing install in D__project_Hybrid_backend_hybrid_backend] INFO  o.eclipse.m2e.core.internal.Bundles - 	Entry: C:\Users\ADMIN\Downloads\eclipse-jee-2023-09-R-win32-x86_64 (1)\eclipse\plugins\org.eclipse.m2e.maven.runtime_3.9.900.20240824-1409\jars\maven-resolver-api-1.9.22.jar
2024-12-10 10:12:52,982 [Worker-16: Launching Executing install in D__project_Hybrid_backend_hybrid_backend] INFO  o.eclipse.m2e.core.internal.Bundles - 	Entry: C:\Users\ADMIN\Downloads\eclipse-jee-2023-09-R-win32-x86_64 (1)\eclipse\plugins\org.eclipse.m2e.maven.runtime_3.9.900.20240824-1409\jars\maven-resolver-connector-basic-1.9.22.jar
2024-12-10 10:12:52,982 [Worker-16: Launching Executing install in D__project_Hybrid_backend_hybrid_backend] INFO  o.eclipse.m2e.core.internal.Bundles - 	Entry: C:\Users\ADMIN\Downloads\eclipse-jee-2023-09-R-win32-x86_64 (1)\eclipse\plugins\org.eclipse.m2e.maven.runtime_3.9.900.20240824-1409\jars\maven-resolver-impl-1.9.22.jar
2024-12-10 10:12:52,983 [Worker-16: Launching Executing install in D__project_Hybrid_backend_hybrid_backend] INFO  o.eclipse.m2e.core.internal.Bundles - 	Entry: C:\Users\ADMIN\Downloads\eclipse-jee-2023-09-R-win32-x86_64 (1)\eclipse\plugins\org.eclipse.m2e.maven.runtime_3.9.900.20240824-1409\jars\maven-resolver-named-locks-1.9.22.jar
2024-12-10 10:12:52,983 [Worker-16: Launching Executing install in D__project_Hybrid_backend_hybrid_backend] INFO  o.eclipse.m2e.core.internal.Bundles - 	Entry: C:\Users\ADMIN\Downloads\eclipse-jee-2023-09-R-win32-x86_64 (1)\eclipse\plugins\org.eclipse.m2e.maven.runtime_3.9.900.20240824-1409\jars\maven-resolver-provider-3.9.9.jar
2024-12-10 10:12:52,984 [Worker-16: Launching Executing install in D__project_Hybrid_backend_hybrid_backend] INFO  o.eclipse.m2e.core.internal.Bundles - 	Entry: C:\Users\ADMIN\Downloads\eclipse-jee-2023-09-R-win32-x86_64 (1)\eclipse\plugins\org.eclipse.m2e.maven.runtime_3.9.900.20240824-1409\jars\maven-resolver-spi-1.9.22.jar
2024-12-10 10:12:52,984 [Worker-16: Launching Executing install in D__project_Hybrid_backend_hybrid_backend] INFO  o.eclipse.m2e.core.internal.Bundles - 	Entry: C:\Users\ADMIN\Downloads\eclipse-jee-2023-09-R-win32-x86_64 (1)\eclipse\plugins\org.eclipse.m2e.maven.runtime_3.9.900.20240824-1409\jars\maven-resolver-transport-file-1.9.22.jar
2024-12-10 10:12:52,985 [Worker-16: Launching Executing install in D__project_Hybrid_backend_hybrid_backend] INFO  o.eclipse.m2e.core.internal.Bundles - 	Entry: C:\Users\ADMIN\Downloads\eclipse-jee-2023-09-R-win32-x86_64 (1)\eclipse\plugins\org.eclipse.m2e.maven.runtime_3.9.900.20240824-1409\jars\maven-resolver-transport-http-1.9.22.jar
2024-12-10 10:12:52,986 [Worker-16: Launching Executing install in D__project_Hybrid_backend_hybrid_backend] INFO  o.eclipse.m2e.core.internal.Bundles - 	Entry: C:\Users\ADMIN\Downloads\eclipse-jee-2023-09-R-win32-x86_64 (1)\eclipse\plugins\org.eclipse.m2e.maven.runtime_3.9.900.20240824-1409\jars\maven-resolver-transport-wagon-1.9.22.jar
2024-12-10 10:12:52,987 [Worker-16: Launching Executing install in D__project_Hybrid_backend_hybrid_backend] INFO  o.eclipse.m2e.core.internal.Bundles - 	Entry: C:\Users\ADMIN\Downloads\eclipse-jee-2023-09-R-win32-x86_64 (1)\eclipse\plugins\org.eclipse.m2e.maven.runtime_3.9.900.20240824-1409\jars\maven-resolver-util-1.9.22.jar
2024-12-10 10:12:52,987 [Worker-16: Launching Executing install in D__project_Hybrid_backend_hybrid_backend] INFO  o.eclipse.m2e.core.internal.Bundles - 	Entry: C:\Users\ADMIN\Downloads\eclipse-jee-2023-09-R-win32-x86_64 (1)\eclipse\plugins\org.eclipse.m2e.maven.runtime_3.9.900.20240824-1409\jars\maven-settings-3.9.9.jar
2024-12-10 10:12:52,988 [Worker-16: Launching Executing install in D__project_Hybrid_backend_hybrid_backend] INFO  o.eclipse.m2e.core.internal.Bundles - 	Entry: C:\Users\ADMIN\Downloads\eclipse-jee-2023-09-R-win32-x86_64 (1)\eclipse\plugins\org.eclipse.m2e.maven.runtime_3.9.900.20240824-1409\jars\maven-settings-builder-3.9.9.jar
2024-12-10 10:12:52,989 [Worker-16: Launching Executing install in D__project_Hybrid_backend_hybrid_backend] INFO  o.eclipse.m2e.core.internal.Bundles - 	Entry: C:\Users\ADMIN\Downloads\eclipse-jee-2023-09-R-win32-x86_64 (1)\eclipse\plugins\org.eclipse.m2e.maven.runtime_3.9.900.20240824-1409\jars\maven-shared-utils-3.4.2.jar
2024-12-10 10:12:52,989 [Worker-16: Launching Executing install in D__project_Hybrid_backend_hybrid_backend] INFO  o.eclipse.m2e.core.internal.Bundles - 	Entry: C:\Users\ADMIN\Downloads\eclipse-jee-2023-09-R-win32-x86_64 (1)\eclipse\plugins\org.eclipse.m2e.maven.runtime_3.9.900.20240824-1409\jars\org.eclipse.sisu.inject-0.9.0.M3.jar
2024-12-10 10:12:52,990 [Worker-16: Launching Executing install in D__project_Hybrid_backend_hybrid_backend] INFO  o.eclipse.m2e.core.internal.Bundles - 	Entry: C:\Users\ADMIN\Downloads\eclipse-jee-2023-09-R-win32-x86_64 (1)\eclipse\plugins\org.eclipse.m2e.maven.runtime_3.9.900.20240824-1409\jars\org.eclipse.sisu.plexus-0.9.0.M3.jar
2024-12-10 10:12:52,990 [Worker-16: Launching Executing install in D__project_Hybrid_backend_hybrid_backend] INFO  o.eclipse.m2e.core.internal.Bundles - 	Entry: C:\Users\ADMIN\Downloads\eclipse-jee-2023-09-R-win32-x86_64 (1)\eclipse\plugins\org.eclipse.m2e.maven.runtime_3.9.900.20240824-1409\jars\plexus-build-api-0.0.7.jar
2024-12-10 10:12:52,991 [Worker-16: Launching Executing install in D__project_Hybrid_backend_hybrid_backend] INFO  o.eclipse.m2e.core.internal.Bundles - 	Entry: C:\Users\ADMIN\Downloads\eclipse-jee-2023-09-R-win32-x86_64 (1)\eclipse\plugins\org.eclipse.m2e.maven.runtime_3.9.900.20240824-1409\jars\plexus-build-api-1.2.0.jar
2024-12-10 10:12:52,992 [Worker-16: Launching Executing install in D__project_Hybrid_backend_hybrid_backend] INFO  o.eclipse.m2e.core.internal.Bundles - 	Entry: C:\Users\ADMIN\Downloads\eclipse-jee-2023-09-R-win32-x86_64 (1)\eclipse\plugins\org.eclipse.m2e.maven.runtime_3.9.900.20240824-1409\jars\plexus-cipher-2.0.jar
2024-12-10 10:12:52,993 [Worker-16: Launching Executing install in D__project_Hybrid_backend_hybrid_backend] INFO  o.eclipse.m2e.core.internal.Bundles - 	Entry: C:\Users\ADMIN\Downloads\eclipse-jee-2023-09-R-win32-x86_64 (1)\eclipse\plugins\org.eclipse.m2e.maven.runtime_3.9.900.20240824-1409\jars\plexus-classworlds-2.8.0.jar
2024-12-10 10:12:52,994 [Worker-16: Launching Executing install in D__project_Hybrid_backend_hybrid_backend] INFO  o.eclipse.m2e.core.internal.Bundles - 	Entry: C:\Users\ADMIN\Downloads\eclipse-jee-2023-09-R-win32-x86_64 (1)\eclipse\plugins\org.eclipse.m2e.maven.runtime_3.9.900.20240824-1409\jars\plexus-component-annotations-2.1.0.jar
2024-12-10 10:12:52,994 [Worker-16: Launching Executing install in D__project_Hybrid_backend_hybrid_backend] INFO  o.eclipse.m2e.core.internal.Bundles - 	Entry: C:\Users\ADMIN\Downloads\eclipse-jee-2023-09-R-win32-x86_64 (1)\eclipse\plugins\org.eclipse.m2e.maven.runtime_3.9.900.20240824-1409\jars\plexus-interpolation-1.27.jar
2024-12-10 10:12:52,995 [Worker-16: Launching Executing install in D__project_Hybrid_backend_hybrid_backend] INFO  o.eclipse.m2e.core.internal.Bundles - 	Entry: C:\Users\ADMIN\Downloads\eclipse-jee-2023-09-R-win32-x86_64 (1)\eclipse\plugins\org.eclipse.m2e.maven.runtime_3.9.900.20240824-1409\jars\plexus-sec-dispatcher-2.0.jar
2024-12-10 10:12:52,995 [Worker-16: Launching Executing install in D__project_Hybrid_backend_hybrid_backend] INFO  o.eclipse.m2e.core.internal.Bundles - 	Entry: C:\Users\ADMIN\Downloads\eclipse-jee-2023-09-R-win32-x86_64 (1)\eclipse\plugins\org.eclipse.m2e.maven.runtime_3.9.900.20240824-1409\jars\plexus-utils-3.5.1.jar
2024-12-10 10:12:52,996 [Worker-16: Launching Executing install in D__project_Hybrid_backend_hybrid_backend] INFO  o.eclipse.m2e.core.internal.Bundles - 	Entry: C:\Users\ADMIN\Downloads\eclipse-jee-2023-09-R-win32-x86_64 (1)\eclipse\plugins\org.eclipse.m2e.maven.runtime_3.9.900.20240824-1409\jars\plexus-xml-3.0.1.jar
2024-12-10 10:12:52,996 [Worker-16: Launching Executing install in D__project_Hybrid_backend_hybrid_backend] INFO  o.eclipse.m2e.core.internal.Bundles - 	Entry: C:\Users\ADMIN\Downloads\eclipse-jee-2023-09-R-win32-x86_64 (1)\eclipse\plugins\org.eclipse.m2e.maven.runtime_3.9.900.20240824-1409\jars\wagon-file-3.5.3.jar
2024-12-10 10:12:52,997 [Worker-16: Launching Executing install in D__project_Hybrid_backend_hybrid_backend] INFO  o.eclipse.m2e.core.internal.Bundles - 	Entry: C:\Users\ADMIN\Downloads\eclipse-jee-2023-09-R-win32-x86_64 (1)\eclipse\plugins\org.eclipse.m2e.maven.runtime_3.9.900.20240824-1409\jars\wagon-http-3.5.3.jar
2024-12-10 10:12:52,998 [Worker-16: Launching Executing install in D__project_Hybrid_backend_hybrid_backend] INFO  o.eclipse.m2e.core.internal.Bundles - 	Entry: C:\Users\ADMIN\Downloads\eclipse-jee-2023-09-R-win32-x86_64 (1)\eclipse\plugins\org.eclipse.m2e.maven.runtime_3.9.900.20240824-1409\jars\wagon-http-shared-3.5.3.jar
2024-12-10 10:12:52,998 [Worker-16: Launching Executing install in D__project_Hybrid_backend_hybrid_backend] INFO  o.eclipse.m2e.core.internal.Bundles - 	Entry: C:\Users\ADMIN\Downloads\eclipse-jee-2023-09-R-win32-x86_64 (1)\eclipse\plugins\org.eclipse.m2e.maven.runtime_3.9.900.20240824-1409\jars\wagon-provider-api-3.5.3.jar
2024-12-10 10:12:53,002 [Worker-16: Launching Executing install in D__project_Hybrid_backend_hybrid_backend] INFO  o.eclipse.m2e.core.internal.Bundles - getClasspathEntries(Bundle=com.google.guava_33.3.0.jre [1039])
2024-12-10 10:12:53,004 [Worker-16: Launching Executing install in D__project_Hybrid_backend_hybrid_backend] INFO  o.eclipse.m2e.core.internal.Bundles - 	Entry: C:\Users\ADMIN\Downloads\eclipse-jee-2023-09-R-win32-x86_64 (1)\eclipse\plugins\com.google.guava_33.3.0.jre.jar
2024-12-10 10:12:53,004 [Worker-16: Launching Executing install in D__project_Hybrid_backend_hybrid_backend] INFO  o.eclipse.m2e.core.internal.Bundles - getClasspathEntries(Bundle=slf4j.api_2.0.16 [1753])
2024-12-10 10:12:53,005 [Worker-16: Launching Executing install in D__project_Hybrid_backend_hybrid_backend] INFO  o.eclipse.m2e.core.internal.Bundles - 	Entry: C:\Users\ADMIN\Downloads\eclipse-jee-2023-09-R-win32-x86_64 (1)\eclipse\plugins\slf4j.api_2.0.16.jar
2024-12-10 10:12:53,005 [Worker-16: Launching Executing install in D__project_Hybrid_backend_hybrid_backend] INFO  o.eclipse.m2e.core.internal.Bundles - getClasspathEntries(Bundle=javax.inject_1.0.0.v20220405-0441 [38])
2024-12-10 10:12:53,007 [Worker-16: Launching Executing install in D__project_Hybrid_backend_hybrid_backend] INFO  o.eclipse.m2e.core.internal.Bundles - 	Entry: C:\Users\ADMIN\Downloads\eclipse-jee-2023-09-R-win32-x86_64 (1)\eclipse\plugins\javax.inject_1.0.0.v20220405-0441.jar
2024-12-10 10:12:53,007 [Worker-16: Launching Executing install in D__project_Hybrid_backend_hybrid_backend] INFO  o.eclipse.m2e.core.internal.Bundles - getClasspathEntries(Bundle=javax.annotation_1.3.5.v20230504-0748 [1059])
2024-12-10 10:12:53,008 [Worker-16: Launching Executing install in D__project_Hybrid_backend_hybrid_backend] INFO  o.eclipse.m2e.core.internal.Bundles - 	Entry: C:\Users\ADMIN\Downloads\eclipse-jee-2023-09-R-win32-x86_64 (1)\eclipse\plugins\javax.annotation_1.3.5.v20230504-0748.jar
2024-12-10 10:12:53,009 [Worker-16: Launching Executing install in D__project_Hybrid_backend_hybrid_backend] INFO  o.eclipse.m2e.core.internal.Bundles - getClasspathEntries(Bundle=org.apache.commons.cli_1.9.0 [1082])
2024-12-10 10:12:53,010 [Worker-16: Launching Executing install in D__project_Hybrid_backend_hybrid_backend] INFO  o.eclipse.m2e.core.internal.Bundles - 	Entry: C:\Users\ADMIN\Downloads\eclipse-jee-2023-09-R-win32-x86_64 (1)\eclipse\plugins\org.apache.commons.cli_1.9.0.jar
2024-12-10 10:12:53,010 [Worker-16: Launching Executing install in D__project_Hybrid_backend_hybrid_backend] INFO  o.eclipse.m2e.core.internal.Bundles - getClasspathEntries(Bundle=org.apache.commons.commons-codec_1.16.0 [76])
2024-12-10 10:12:53,011 [Worker-16: Launching Executing install in D__project_Hybrid_backend_hybrid_backend] INFO  o.eclipse.m2e.core.internal.Bundles - 	Entry: C:\Users\ADMIN\Downloads\eclipse-jee-2023-09-R-win32-x86_64 (1)\eclipse\plugins\org.apache.commons.commons-codec_1.16.0.jar
2024-12-10 10:12:53,011 [Worker-16: Launching Executing install in D__project_Hybrid_backend_hybrid_backend] INFO  o.eclipse.m2e.core.internal.Bundles - getClasspathEntries(Bundle=com.google.guava.failureaccess_1.0.2 [1040])
2024-12-10 10:12:53,013 [Worker-16: Launching Executing install in D__project_Hybrid_backend_hybrid_backend] INFO  o.eclipse.m2e.core.internal.Bundles - 	Entry: C:\Users\ADMIN\Downloads\eclipse-jee-2023-09-R-win32-x86_64 (1)\eclipse\plugins\com.google.guava.failureaccess_1.0.2.jar
2024-12-10 10:12:53,017 [Worker-16: Launching Executing install in D__project_Hybrid_backend_hybrid_backend] INFO  o.e.m.i.launch.MavenLaunchDelegate - Run build in "D:\project\Hybrid_backend\hybrid_backend":
2024-12-10 10:12:53,019 [Worker-16: Launching Executing install in D__project_Hybrid_backend_hybrid_backend] INFO  o.e.m.i.launch.MavenLaunchDelegate -  mvn  -B -Dstyle.color=always install
2024-12-10 10:15:09,359 [Worker-33: Building] INFO  o.a.m.s.f.DefaultMavenResourcesFiltering - Copying 1 resource from src\main\resources to target\classes
2024-12-10 10:15:09,369 [Worker-33: Building] INFO  o.a.m.s.f.DefaultMavenResourcesFiltering - Copying 0 resource from src\main\resources to target\classes
2024-12-10 10:15:09,372 [Worker-33: Building] INFO  o.a.m.s.f.DefaultMavenResourcesFiltering - skip non existing resourceDirectory D:\project\Hybrid_backend\hybrid_backend\src\test\resources
2024-12-10 10:17:33,349 [Worker-30: Building] INFO  o.a.m.s.f.DefaultMavenResourcesFiltering - Copying 1 resource from src\main\resources to target\classes
2024-12-10 10:17:33,355 [Worker-30: Building] INFO  o.a.m.s.f.DefaultMavenResourcesFiltering - Copying 6 resources from src\main\resources to target\classes
2024-12-10 10:17:33,362 [Worker-30: Building] INFO  o.a.m.s.f.DefaultMavenResourcesFiltering - skip non existing resourceDirectory D:\project\Hybrid_backend\hybrid_backend\src\test\resources
2024-12-10 10:21:43,535 [Worker-33: Building] INFO  o.a.m.s.f.DefaultMavenResourcesFiltering - Copying 1 resource from src\main\resources to target\classes
2024-12-10 10:21:43,541 [Worker-33: Building] INFO  o.a.m.s.f.DefaultMavenResourcesFiltering - Copying 0 resource from src\main\resources to target\classes
2024-12-10 10:21:43,543 [Worker-33: Building] INFO  o.a.m.s.f.DefaultMavenResourcesFiltering - skip non existing resourceDirectory D:\project\Hybrid_backend\hybrid_backend\src\test\resources
2024-12-10 10:26:53,947 [Worker-43: Building] INFO  o.a.m.s.f.DefaultMavenResourcesFiltering - Copying 1 resource from src\main\resources to target\classes
2024-12-10 10:26:53,954 [Worker-43: Building] INFO  o.a.m.s.f.DefaultMavenResourcesFiltering - Copying 6 resources from src\main\resources to target\classes
2024-12-10 10:26:53,960 [Worker-43: Building] INFO  o.a.m.s.f.DefaultMavenResourcesFiltering - skip non existing resourceDirectory D:\project\Hybrid_backend\hybrid_backend\src\test\resources
2024-12-10 10:29:15,543 [Worker-43: Building] INFO  o.a.m.s.f.DefaultMavenResourcesFiltering - Copying 1 resource from src\main\resources to target\classes
2024-12-10 10:29:15,551 [Worker-43: Building] INFO  o.a.m.s.f.DefaultMavenResourcesFiltering - Copying 6 resources from src\main\resources to target\classes
2024-12-10 10:29:15,557 [Worker-43: Building] INFO  o.a.m.s.f.DefaultMavenResourcesFiltering - skip non existing resourceDirectory D:\project\Hybrid_backend\hybrid_backend\src\test\resources
2024-12-10 11:41:21,543 [Worker-53: Building] INFO  o.a.m.s.f.DefaultMavenResourcesFiltering - Copying 0 resource from src\main\resources to target\classes
2024-12-10 11:41:21,547 [Worker-53: Building] INFO  o.a.m.s.f.DefaultMavenResourcesFiltering - Copying 3 resources from src\main\resources to target\classes
2024-12-10 11:41:21,557 [Worker-53: Building] INFO  o.a.m.s.f.DefaultMavenResourcesFiltering - skip non existing resourceDirectory D:\project\Hybrid_backend\hybrid_backend\src\test\resources
2024-12-10 11:41:39,804 [Worker-60: Building] INFO  o.a.m.s.f.DefaultMavenResourcesFiltering - Copying 1 resource from src\main\resources to target\classes
2024-12-10 11:41:39,901 [Worker-60: Building] INFO  o.a.m.s.f.DefaultMavenResourcesFiltering - Copying 0 resource from src\main\resources to target\classes
2024-12-10 11:41:39,911 [Worker-60: Building] INFO  o.a.m.s.f.DefaultMavenResourcesFiltering - skip non existing resourceDirectory D:\project\Hybrid_backend\hybrid_backend\src\test\resources
2024-12-10 11:42:48,446 [Worker-63: Building] INFO  o.a.m.s.f.DefaultMavenResourcesFiltering - Copying 1 resource from src\main\resources to target\classes
2024-12-10 11:42:48,495 [Worker-63: Building] INFO  o.a.m.s.f.DefaultMavenResourcesFiltering - Copying 0 resource from src\main\resources to target\classes
2024-12-10 11:42:48,501 [Worker-63: Building] INFO  o.a.m.s.f.DefaultMavenResourcesFiltering - skip non existing resourceDirectory D:\project\Hybrid_backend\hybrid_backend\src\test\resources
2024-12-10 11:49:10,686 [Worker-64: Building] INFO  o.a.m.s.f.DefaultMavenResourcesFiltering - Copying 0 resource from src\main\resources to target\classes
2024-12-10 11:49:10,690 [Worker-64: Building] INFO  o.a.m.s.f.DefaultMavenResourcesFiltering - Copying 4 resources from src\main\resources to target\classes
2024-12-10 11:49:10,705 [Worker-64: Building] INFO  o.a.m.s.f.DefaultMavenResourcesFiltering - skip non existing resourceDirectory D:\project\Hybrid_backend\hybrid_backend\src\test\resources
2024-12-10 11:52:05,395 [Worker-67: Building] INFO  o.a.m.s.f.DefaultMavenResourcesFiltering - Copying 1 resource from src\main\resources to target\classes
2024-12-10 11:52:05,425 [Worker-67: Building] INFO  o.a.m.s.f.DefaultMavenResourcesFiltering - Copying 0 resource from src\main\resources to target\classes
2024-12-10 11:52:05,430 [Worker-67: Building] INFO  o.a.m.s.f.DefaultMavenResourcesFiltering - skip non existing resourceDirectory D:\project\Hybrid_backend\hybrid_backend\src\test\resources
2024-12-10 11:57:01,915 [Worker-71: Building] INFO  o.a.m.s.f.DefaultMavenResourcesFiltering - Copying 1 resource from src\main\resources to target\classes
2024-12-10 11:57:01,922 [Worker-71: Building] INFO  o.a.m.s.f.DefaultMavenResourcesFiltering - Copying 11 resources from src\main\resources to target\classes
2024-12-10 11:57:01,928 [Worker-71: Building] INFO  o.a.m.s.f.DefaultMavenResourcesFiltering - skip non existing resourceDirectory D:\project\Hybrid_backend\hybrid_backend\src\test\resources
2024-12-10 12:01:07,201 [Worker-71: Building] INFO  o.a.m.s.f.DefaultMavenResourcesFiltering - Copying 1 resource from src\main\resources to target\classes
2024-12-10 12:01:07,210 [Worker-71: Building] INFO  o.a.m.s.f.DefaultMavenResourcesFiltering - Copying 0 resource from src\main\resources to target\classes
2024-12-10 12:01:07,214 [Worker-71: Building] INFO  o.a.m.s.f.DefaultMavenResourcesFiltering - skip non existing resourceDirectory D:\project\Hybrid_backend\hybrid_backend\src\test\resources
2024-12-10 12:01:33,861 [Worker-71: Building] INFO  o.a.m.s.f.DefaultMavenResourcesFiltering - Copying 1 resource from src\main\resources to target\classes
2024-12-10 12:01:33,869 [Worker-71: Building] INFO  o.a.m.s.f.DefaultMavenResourcesFiltering - Copying 0 resource from src\main\resources to target\classes
2024-12-10 12:01:33,872 [Worker-71: Building] INFO  o.a.m.s.f.DefaultMavenResourcesFiltering - skip non existing resourceDirectory D:\project\Hybrid_backend\hybrid_backend\src\test\resources
2024-12-10 12:22:50,859 [Worker-71: Building] INFO  o.a.m.s.f.DefaultMavenResourcesFiltering - Copying 1 resource from src\main\resources to target\classes
2024-12-10 12:22:50,874 [Worker-71: Building] INFO  o.a.m.s.f.DefaultMavenResourcesFiltering - Copying 11 resources from src\main\resources to target\classes
2024-12-10 12:22:50,886 [Worker-71: Building] INFO  o.a.m.s.f.DefaultMavenResourcesFiltering - skip non existing resourceDirectory D:\project\Hybrid_backend\hybrid_backend\src\test\resources
2024-12-10 15:15:04,744 [Worker-10: Loading available Gradle versions] INFO  o.e.b.c.i.u.g.PublishedGradleVersions - Gradle version information cache is out-of-date. Trying to update.
2024-12-10 15:15:20,506 [Worker-10: Launching Executing install in D__project_Hybrid_backend_hybrid_backend] INFO  o.eclipse.m2e.core.internal.Bundles - getClasspathEntries(Bundle=org.eclipse.m2e.maven.runtime_3.9.900.20240824-1409 [1522])
2024-12-10 15:15:20,512 [Worker-10: Launching Executing install in D__project_Hybrid_backend_hybrid_backend] INFO  o.eclipse.m2e.core.internal.Bundles - 	Entry: C:\Users\ADMIN\Downloads\eclipse-jee-2023-09-R-win32-x86_64 (1)\eclipse\plugins\org.eclipse.m2e.maven.runtime_3.9.900.20240824-1409
2024-12-10 15:15:20,513 [Worker-10: Launching Executing install in D__project_Hybrid_backend_hybrid_backend] INFO  o.eclipse.m2e.core.internal.Bundles - 	Entry: C:\Users\ADMIN\Downloads\eclipse-jee-2023-09-R-win32-x86_64 (1)\eclipse\plugins\org.eclipse.m2e.maven.runtime_3.9.900.20240824-1409\jars\aopalliance-1.0.jar
2024-12-10 15:15:20,514 [Worker-10: Launching Executing install in D__project_Hybrid_backend_hybrid_backend] INFO  o.eclipse.m2e.core.internal.Bundles - 	Entry: C:\Users\ADMIN\Downloads\eclipse-jee-2023-09-R-win32-x86_64 (1)\eclipse\plugins\org.eclipse.m2e.maven.runtime_3.9.900.20240824-1409\jars\guice-5.1.0.jar
2024-12-10 15:15:20,516 [Worker-10: Launching Executing install in D__project_Hybrid_backend_hybrid_backend] INFO  o.eclipse.m2e.core.internal.Bundles - 	Entry: C:\Users\ADMIN\Downloads\eclipse-jee-2023-09-R-win32-x86_64 (1)\eclipse\plugins\org.eclipse.m2e.maven.runtime_3.9.900.20240824-1409\jars\httpclient-4.5.14.jar
2024-12-10 15:15:20,517 [Worker-10: Launching Executing install in D__project_Hybrid_backend_hybrid_backend] INFO  o.eclipse.m2e.core.internal.Bundles - 	Entry: C:\Users\ADMIN\Downloads\eclipse-jee-2023-09-R-win32-x86_64 (1)\eclipse\plugins\org.eclipse.m2e.maven.runtime_3.9.900.20240824-1409\jars\httpcore-4.4.16.jar
2024-12-10 15:15:20,518 [Worker-10: Launching Executing install in D__project_Hybrid_backend_hybrid_backend] INFO  o.eclipse.m2e.core.internal.Bundles - 	Entry: C:\Users\ADMIN\Downloads\eclipse-jee-2023-09-R-win32-x86_64 (1)\eclipse\plugins\org.eclipse.m2e.maven.runtime_3.9.900.20240824-1409\jars\jansi-2.4.1.jar
2024-12-10 15:15:20,518 [Worker-10: Launching Executing install in D__project_Hybrid_backend_hybrid_backend] INFO  o.eclipse.m2e.core.internal.Bundles - 	Entry: C:\Users\ADMIN\Downloads\eclipse-jee-2023-09-R-win32-x86_64 (1)\eclipse\plugins\org.eclipse.m2e.maven.runtime_3.9.900.20240824-1409\jars\jcl-over-slf4j-1.7.36.jar
2024-12-10 15:15:20,519 [Worker-10: Launching Executing install in D__project_Hybrid_backend_hybrid_backend] INFO  o.eclipse.m2e.core.internal.Bundles - 	Entry: C:\Users\ADMIN\Downloads\eclipse-jee-2023-09-R-win32-x86_64 (1)\eclipse\plugins\org.eclipse.m2e.maven.runtime_3.9.900.20240824-1409\jars\maven-artifact-3.9.9.jar
2024-12-10 15:15:20,520 [Worker-10: Launching Executing install in D__project_Hybrid_backend_hybrid_backend] INFO  o.eclipse.m2e.core.internal.Bundles - 	Entry: C:\Users\ADMIN\Downloads\eclipse-jee-2023-09-R-win32-x86_64 (1)\eclipse\plugins\org.eclipse.m2e.maven.runtime_3.9.900.20240824-1409\jars\maven-builder-support-3.9.9.jar
2024-12-10 15:15:20,528 [Worker-10: Launching Executing install in D__project_Hybrid_backend_hybrid_backend] INFO  o.eclipse.m2e.core.internal.Bundles - 	Entry: C:\Users\ADMIN\Downloads\eclipse-jee-2023-09-R-win32-x86_64 (1)\eclipse\plugins\org.eclipse.m2e.maven.runtime_3.9.900.20240824-1409\jars\maven-compat-3.9.9.jar
2024-12-10 15:15:20,533 [Worker-10: Launching Executing install in D__project_Hybrid_backend_hybrid_backend] INFO  o.eclipse.m2e.core.internal.Bundles - 	Entry: C:\Users\ADMIN\Downloads\eclipse-jee-2023-09-R-win32-x86_64 (1)\eclipse\plugins\org.eclipse.m2e.maven.runtime_3.9.900.20240824-1409\jars\maven-core-3.9.9.jar
2024-12-10 15:15:20,533 [Worker-10: Launching Executing install in D__project_Hybrid_backend_hybrid_backend] INFO  o.eclipse.m2e.core.internal.Bundles - 	Entry: C:\Users\ADMIN\Downloads\eclipse-jee-2023-09-R-win32-x86_64 (1)\eclipse\plugins\org.eclipse.m2e.maven.runtime_3.9.900.20240824-1409\jars\maven-embedder-3.9.9.jar
2024-12-10 15:15:20,534 [Worker-10: Launching Executing install in D__project_Hybrid_backend_hybrid_backend] INFO  o.eclipse.m2e.core.internal.Bundles - 	Entry: C:\Users\ADMIN\Downloads\eclipse-jee-2023-09-R-win32-x86_64 (1)\eclipse\plugins\org.eclipse.m2e.maven.runtime_3.9.900.20240824-1409\jars\maven-model-3.9.9.jar
2024-12-10 15:15:20,535 [Worker-10: Launching Executing install in D__project_Hybrid_backend_hybrid_backend] INFO  o.eclipse.m2e.core.internal.Bundles - 	Entry: C:\Users\ADMIN\Downloads\eclipse-jee-2023-09-R-win32-x86_64 (1)\eclipse\plugins\org.eclipse.m2e.maven.runtime_3.9.900.20240824-1409\jars\maven-model-builder-3.9.9.jar
2024-12-10 15:15:20,536 [Worker-10: Launching Executing install in D__project_Hybrid_backend_hybrid_backend] INFO  o.eclipse.m2e.core.internal.Bundles - 	Entry: C:\Users\ADMIN\Downloads\eclipse-jee-2023-09-R-win32-x86_64 (1)\eclipse\plugins\org.eclipse.m2e.maven.runtime_3.9.900.20240824-1409\jars\maven-plugin-api-3.9.9.jar
2024-12-10 15:15:20,537 [Worker-10: Launching Executing install in D__project_Hybrid_backend_hybrid_backend] INFO  o.eclipse.m2e.core.internal.Bundles - 	Entry: C:\Users\ADMIN\Downloads\eclipse-jee-2023-09-R-win32-x86_64 (1)\eclipse\plugins\org.eclipse.m2e.maven.runtime_3.9.900.20240824-1409\jars\maven-repository-metadata-3.9.9.jar
2024-12-10 15:15:20,538 [Worker-10: Launching Executing install in D__project_Hybrid_backend_hybrid_backend] INFO  o.eclipse.m2e.core.internal.Bundles - 	Entry: C:\Users\ADMIN\Downloads\eclipse-jee-2023-09-R-win32-x86_64 (1)\eclipse\plugins\org.eclipse.m2e.maven.runtime_3.9.900.20240824-1409\jars\maven-resolver-api-1.9.22.jar
2024-12-10 15:15:20,539 [Worker-10: Launching Executing install in D__project_Hybrid_backend_hybrid_backend] INFO  o.eclipse.m2e.core.internal.Bundles - 	Entry: C:\Users\ADMIN\Downloads\eclipse-jee-2023-09-R-win32-x86_64 (1)\eclipse\plugins\org.eclipse.m2e.maven.runtime_3.9.900.20240824-1409\jars\maven-resolver-connector-basic-1.9.22.jar
2024-12-10 15:15:20,540 [Worker-10: Launching Executing install in D__project_Hybrid_backend_hybrid_backend] INFO  o.eclipse.m2e.core.internal.Bundles - 	Entry: C:\Users\ADMIN\Downloads\eclipse-jee-2023-09-R-win32-x86_64 (1)\eclipse\plugins\org.eclipse.m2e.maven.runtime_3.9.900.20240824-1409\jars\maven-resolver-impl-1.9.22.jar
2024-12-10 15:15:20,541 [Worker-10: Launching Executing install in D__project_Hybrid_backend_hybrid_backend] INFO  o.eclipse.m2e.core.internal.Bundles - 	Entry: C:\Users\ADMIN\Downloads\eclipse-jee-2023-09-R-win32-x86_64 (1)\eclipse\plugins\org.eclipse.m2e.maven.runtime_3.9.900.20240824-1409\jars\maven-resolver-named-locks-1.9.22.jar
2024-12-10 15:15:20,541 [Worker-10: Launching Executing install in D__project_Hybrid_backend_hybrid_backend] INFO  o.eclipse.m2e.core.internal.Bundles - 	Entry: C:\Users\ADMIN\Downloads\eclipse-jee-2023-09-R-win32-x86_64 (1)\eclipse\plugins\org.eclipse.m2e.maven.runtime_3.9.900.20240824-1409\jars\maven-resolver-provider-3.9.9.jar
2024-12-10 15:15:20,542 [Worker-10: Launching Executing install in D__project_Hybrid_backend_hybrid_backend] INFO  o.eclipse.m2e.core.internal.Bundles - 	Entry: C:\Users\ADMIN\Downloads\eclipse-jee-2023-09-R-win32-x86_64 (1)\eclipse\plugins\org.eclipse.m2e.maven.runtime_3.9.900.20240824-1409\jars\maven-resolver-spi-1.9.22.jar
2024-12-10 15:15:20,542 [Worker-10: Launching Executing install in D__project_Hybrid_backend_hybrid_backend] INFO  o.eclipse.m2e.core.internal.Bundles - 	Entry: C:\Users\ADMIN\Downloads\eclipse-jee-2023-09-R-win32-x86_64 (1)\eclipse\plugins\org.eclipse.m2e.maven.runtime_3.9.900.20240824-1409\jars\maven-resolver-transport-file-1.9.22.jar
2024-12-10 15:15:20,543 [Worker-10: Launching Executing install in D__project_Hybrid_backend_hybrid_backend] INFO  o.eclipse.m2e.core.internal.Bundles - 	Entry: C:\Users\ADMIN\Downloads\eclipse-jee-2023-09-R-win32-x86_64 (1)\eclipse\plugins\org.eclipse.m2e.maven.runtime_3.9.900.20240824-1409\jars\maven-resolver-transport-http-1.9.22.jar
2024-12-10 15:15:20,544 [Worker-10: Launching Executing install in D__project_Hybrid_backend_hybrid_backend] INFO  o.eclipse.m2e.core.internal.Bundles - 	Entry: C:\Users\ADMIN\Downloads\eclipse-jee-2023-09-R-win32-x86_64 (1)\eclipse\plugins\org.eclipse.m2e.maven.runtime_3.9.900.20240824-1409\jars\maven-resolver-transport-wagon-1.9.22.jar
2024-12-10 15:15:20,544 [Worker-10: Launching Executing install in D__project_Hybrid_backend_hybrid_backend] INFO  o.eclipse.m2e.core.internal.Bundles - 	Entry: C:\Users\ADMIN\Downloads\eclipse-jee-2023-09-R-win32-x86_64 (1)\eclipse\plugins\org.eclipse.m2e.maven.runtime_3.9.900.20240824-1409\jars\maven-resolver-util-1.9.22.jar
2024-12-10 15:15:20,545 [Worker-10: Launching Executing install in D__project_Hybrid_backend_hybrid_backend] INFO  o.eclipse.m2e.core.internal.Bundles - 	Entry: C:\Users\ADMIN\Downloads\eclipse-jee-2023-09-R-win32-x86_64 (1)\eclipse\plugins\org.eclipse.m2e.maven.runtime_3.9.900.20240824-1409\jars\maven-settings-3.9.9.jar
2024-12-10 15:15:20,546 [Worker-10: Launching Executing install in D__project_Hybrid_backend_hybrid_backend] INFO  o.eclipse.m2e.core.internal.Bundles - 	Entry: C:\Users\ADMIN\Downloads\eclipse-jee-2023-09-R-win32-x86_64 (1)\eclipse\plugins\org.eclipse.m2e.maven.runtime_3.9.900.20240824-1409\jars\maven-settings-builder-3.9.9.jar
2024-12-10 15:15:20,546 [Worker-10: Launching Executing install in D__project_Hybrid_backend_hybrid_backend] INFO  o.eclipse.m2e.core.internal.Bundles - 	Entry: C:\Users\ADMIN\Downloads\eclipse-jee-2023-09-R-win32-x86_64 (1)\eclipse\plugins\org.eclipse.m2e.maven.runtime_3.9.900.20240824-1409\jars\maven-shared-utils-3.4.2.jar
2024-12-10 15:15:20,547 [Worker-10: Launching Executing install in D__project_Hybrid_backend_hybrid_backend] INFO  o.eclipse.m2e.core.internal.Bundles - 	Entry: C:\Users\ADMIN\Downloads\eclipse-jee-2023-09-R-win32-x86_64 (1)\eclipse\plugins\org.eclipse.m2e.maven.runtime_3.9.900.20240824-1409\jars\org.eclipse.sisu.inject-0.9.0.M3.jar
2024-12-10 15:15:20,548 [Worker-10: Launching Executing install in D__project_Hybrid_backend_hybrid_backend] INFO  o.eclipse.m2e.core.internal.Bundles - 	Entry: C:\Users\ADMIN\Downloads\eclipse-jee-2023-09-R-win32-x86_64 (1)\eclipse\plugins\org.eclipse.m2e.maven.runtime_3.9.900.20240824-1409\jars\org.eclipse.sisu.plexus-0.9.0.M3.jar
2024-12-10 15:15:20,549 [Worker-10: Launching Executing install in D__project_Hybrid_backend_hybrid_backend] INFO  o.eclipse.m2e.core.internal.Bundles - 	Entry: C:\Users\ADMIN\Downloads\eclipse-jee-2023-09-R-win32-x86_64 (1)\eclipse\plugins\org.eclipse.m2e.maven.runtime_3.9.900.20240824-1409\jars\plexus-build-api-0.0.7.jar
2024-12-10 15:15:20,550 [Worker-10: Launching Executing install in D__project_Hybrid_backend_hybrid_backend] INFO  o.eclipse.m2e.core.internal.Bundles - 	Entry: C:\Users\ADMIN\Downloads\eclipse-jee-2023-09-R-win32-x86_64 (1)\eclipse\plugins\org.eclipse.m2e.maven.runtime_3.9.900.20240824-1409\jars\plexus-build-api-1.2.0.jar
2024-12-10 15:15:20,550 [Worker-10: Launching Executing install in D__project_Hybrid_backend_hybrid_backend] INFO  o.eclipse.m2e.core.internal.Bundles - 	Entry: C:\Users\ADMIN\Downloads\eclipse-jee-2023-09-R-win32-x86_64 (1)\eclipse\plugins\org.eclipse.m2e.maven.runtime_3.9.900.20240824-1409\jars\plexus-cipher-2.0.jar
2024-12-10 15:15:20,552 [Worker-10: Launching Executing install in D__project_Hybrid_backend_hybrid_backend] INFO  o.eclipse.m2e.core.internal.Bundles - 	Entry: C:\Users\ADMIN\Downloads\eclipse-jee-2023-09-R-win32-x86_64 (1)\eclipse\plugins\org.eclipse.m2e.maven.runtime_3.9.900.20240824-1409\jars\plexus-classworlds-2.8.0.jar
2024-12-10 15:15:20,552 [Worker-10: Launching Executing install in D__project_Hybrid_backend_hybrid_backend] INFO  o.eclipse.m2e.core.internal.Bundles - 	Entry: C:\Users\ADMIN\Downloads\eclipse-jee-2023-09-R-win32-x86_64 (1)\eclipse\plugins\org.eclipse.m2e.maven.runtime_3.9.900.20240824-1409\jars\plexus-component-annotations-2.1.0.jar
2024-12-10 15:15:20,553 [Worker-10: Launching Executing install in D__project_Hybrid_backend_hybrid_backend] INFO  o.eclipse.m2e.core.internal.Bundles - 	Entry: C:\Users\ADMIN\Downloads\eclipse-jee-2023-09-R-win32-x86_64 (1)\eclipse\plugins\org.eclipse.m2e.maven.runtime_3.9.900.20240824-1409\jars\plexus-interpolation-1.27.jar
2024-12-10 15:15:20,554 [Worker-10: Launching Executing install in D__project_Hybrid_backend_hybrid_backend] INFO  o.eclipse.m2e.core.internal.Bundles - 	Entry: C:\Users\ADMIN\Downloads\eclipse-jee-2023-09-R-win32-x86_64 (1)\eclipse\plugins\org.eclipse.m2e.maven.runtime_3.9.900.20240824-1409\jars\plexus-sec-dispatcher-2.0.jar
2024-12-10 15:15:20,555 [Worker-10: Launching Executing install in D__project_Hybrid_backend_hybrid_backend] INFO  o.eclipse.m2e.core.internal.Bundles - 	Entry: C:\Users\ADMIN\Downloads\eclipse-jee-2023-09-R-win32-x86_64 (1)\eclipse\plugins\org.eclipse.m2e.maven.runtime_3.9.900.20240824-1409\jars\plexus-utils-3.5.1.jar
2024-12-10 15:15:20,556 [Worker-10: Launching Executing install in D__project_Hybrid_backend_hybrid_backend] INFO  o.eclipse.m2e.core.internal.Bundles - 	Entry: C:\Users\ADMIN\Downloads\eclipse-jee-2023-09-R-win32-x86_64 (1)\eclipse\plugins\org.eclipse.m2e.maven.runtime_3.9.900.20240824-1409\jars\plexus-xml-3.0.1.jar
2024-12-10 15:15:20,557 [Worker-10: Launching Executing install in D__project_Hybrid_backend_hybrid_backend] INFO  o.eclipse.m2e.core.internal.Bundles - 	Entry: C:\Users\ADMIN\Downloads\eclipse-jee-2023-09-R-win32-x86_64 (1)\eclipse\plugins\org.eclipse.m2e.maven.runtime_3.9.900.20240824-1409\jars\wagon-file-3.5.3.jar
2024-12-10 15:15:20,559 [Worker-10: Launching Executing install in D__project_Hybrid_backend_hybrid_backend] INFO  o.eclipse.m2e.core.internal.Bundles - 	Entry: C:\Users\ADMIN\Downloads\eclipse-jee-2023-09-R-win32-x86_64 (1)\eclipse\plugins\org.eclipse.m2e.maven.runtime_3.9.900.20240824-1409\jars\wagon-http-3.5.3.jar
2024-12-10 15:15:20,560 [Worker-10: Launching Executing install in D__project_Hybrid_backend_hybrid_backend] INFO  o.eclipse.m2e.core.internal.Bundles - 	Entry: C:\Users\ADMIN\Downloads\eclipse-jee-2023-09-R-win32-x86_64 (1)\eclipse\plugins\org.eclipse.m2e.maven.runtime_3.9.900.20240824-1409\jars\wagon-http-shared-3.5.3.jar
2024-12-10 15:15:20,561 [Worker-10: Launching Executing install in D__project_Hybrid_backend_hybrid_backend] INFO  o.eclipse.m2e.core.internal.Bundles - 	Entry: C:\Users\ADMIN\Downloads\eclipse-jee-2023-09-R-win32-x86_64 (1)\eclipse\plugins\org.eclipse.m2e.maven.runtime_3.9.900.20240824-1409\jars\wagon-provider-api-3.5.3.jar
2024-12-10 15:15:20,565 [Worker-10: Launching Executing install in D__project_Hybrid_backend_hybrid_backend] INFO  o.eclipse.m2e.core.internal.Bundles - getClasspathEntries(Bundle=com.google.guava_33.3.0.jre [1039])
2024-12-10 15:15:20,566 [Worker-10: Launching Executing install in D__project_Hybrid_backend_hybrid_backend] INFO  o.eclipse.m2e.core.internal.Bundles - 	Entry: C:\Users\ADMIN\Downloads\eclipse-jee-2023-09-R-win32-x86_64 (1)\eclipse\plugins\com.google.guava_33.3.0.jre.jar
2024-12-10 15:15:20,566 [Worker-10: Launching Executing install in D__project_Hybrid_backend_hybrid_backend] INFO  o.eclipse.m2e.core.internal.Bundles - getClasspathEntries(Bundle=slf4j.api_2.0.16 [1753])
2024-12-10 15:15:20,568 [Worker-10: Launching Executing install in D__project_Hybrid_backend_hybrid_backend] INFO  o.eclipse.m2e.core.internal.Bundles - 	Entry: C:\Users\ADMIN\Downloads\eclipse-jee-2023-09-R-win32-x86_64 (1)\eclipse\plugins\slf4j.api_2.0.16.jar
2024-12-10 15:15:20,568 [Worker-10: Launching Executing install in D__project_Hybrid_backend_hybrid_backend] INFO  o.eclipse.m2e.core.internal.Bundles - getClasspathEntries(Bundle=javax.inject_1.0.0.v20220405-0441 [38])
2024-12-10 15:15:20,569 [Worker-10: Launching Executing install in D__project_Hybrid_backend_hybrid_backend] INFO  o.eclipse.m2e.core.internal.Bundles - 	Entry: C:\Users\ADMIN\Downloads\eclipse-jee-2023-09-R-win32-x86_64 (1)\eclipse\plugins\javax.inject_1.0.0.v20220405-0441.jar
2024-12-10 15:15:20,569 [Worker-10: Launching Executing install in D__project_Hybrid_backend_hybrid_backend] INFO  o.eclipse.m2e.core.internal.Bundles - getClasspathEntries(Bundle=javax.annotation_1.3.5.v20230504-0748 [1059])
2024-12-10 15:15:20,571 [Worker-10: Launching Executing install in D__project_Hybrid_backend_hybrid_backend] INFO  o.eclipse.m2e.core.internal.Bundles - 	Entry: C:\Users\ADMIN\Downloads\eclipse-jee-2023-09-R-win32-x86_64 (1)\eclipse\plugins\javax.annotation_1.3.5.v20230504-0748.jar
2024-12-10 15:15:20,571 [Worker-10: Launching Executing install in D__project_Hybrid_backend_hybrid_backend] INFO  o.eclipse.m2e.core.internal.Bundles - getClasspathEntries(Bundle=org.apache.commons.cli_1.9.0 [1082])
2024-12-10 15:15:20,572 [Worker-10: Launching Executing install in D__project_Hybrid_backend_hybrid_backend] INFO  o.eclipse.m2e.core.internal.Bundles - 	Entry: C:\Users\ADMIN\Downloads\eclipse-jee-2023-09-R-win32-x86_64 (1)\eclipse\plugins\org.apache.commons.cli_1.9.0.jar
2024-12-10 15:15:20,572 [Worker-10: Launching Executing install in D__project_Hybrid_backend_hybrid_backend] INFO  o.eclipse.m2e.core.internal.Bundles - getClasspathEntries(Bundle=org.apache.commons.commons-codec_1.16.0 [76])
2024-12-10 15:15:20,574 [Worker-10: Launching Executing install in D__project_Hybrid_backend_hybrid_backend] INFO  o.eclipse.m2e.core.internal.Bundles - 	Entry: C:\Users\ADMIN\Downloads\eclipse-jee-2023-09-R-win32-x86_64 (1)\eclipse\plugins\org.apache.commons.commons-codec_1.16.0.jar
2024-12-10 15:15:20,574 [Worker-10: Launching Executing install in D__project_Hybrid_backend_hybrid_backend] INFO  o.eclipse.m2e.core.internal.Bundles - getClasspathEntries(Bundle=com.google.guava.failureaccess_1.0.2 [1040])
2024-12-10 15:15:20,575 [Worker-10: Launching Executing install in D__project_Hybrid_backend_hybrid_backend] INFO  o.eclipse.m2e.core.internal.Bundles - 	Entry: C:\Users\ADMIN\Downloads\eclipse-jee-2023-09-R-win32-x86_64 (1)\eclipse\plugins\com.google.guava.failureaccess_1.0.2.jar
2024-12-10 15:15:20,582 [Worker-10: Launching Executing install in D__project_Hybrid_backend_hybrid_backend] INFO  o.e.m.i.launch.MavenLaunchDelegate - Run build in "D:\project\Hybrid_backend\hybrid_backend":
2024-12-10 15:15:20,592 [Worker-10: Launching Executing install in D__project_Hybrid_backend_hybrid_backend] INFO  o.e.m.i.launch.MavenLaunchDelegate -  mvn  -B -Dstyle.color=always install
2024-12-10 15:15:35,459 [Worker-23: Building] INFO  o.a.m.s.f.DefaultMavenResourcesFiltering - Copying 1 resource from src\main\resources to target\classes
2024-12-10 15:15:35,481 [Worker-23: Building] INFO  o.a.m.s.f.DefaultMavenResourcesFiltering - Copying 11 resources from src\main\resources to target\classes
2024-12-10 15:15:35,492 [Worker-23: Building] INFO  o.a.m.s.f.DefaultMavenResourcesFiltering - skip non existing resourceDirectory D:\project\Hybrid_backend\hybrid_backend\src\test\resources
2024-12-10 15:39:23,245 [Worker-24: Launching Executing install in D__project_Hybrid_backend_hybrid_backend] INFO  o.eclipse.m2e.core.internal.Bundles - getClasspathEntries(Bundle=org.eclipse.m2e.maven.runtime_3.9.900.20240824-1409 [1522])
2024-12-10 15:39:23,247 [Worker-24: Launching Executing install in D__project_Hybrid_backend_hybrid_backend] INFO  o.eclipse.m2e.core.internal.Bundles - 	Entry: C:\Users\ADMIN\Downloads\eclipse-jee-2023-09-R-win32-x86_64 (1)\eclipse\plugins\org.eclipse.m2e.maven.runtime_3.9.900.20240824-1409
2024-12-10 15:39:23,247 [Worker-24: Launching Executing install in D__project_Hybrid_backend_hybrid_backend] INFO  o.eclipse.m2e.core.internal.Bundles - 	Entry: C:\Users\ADMIN\Downloads\eclipse-jee-2023-09-R-win32-x86_64 (1)\eclipse\plugins\org.eclipse.m2e.maven.runtime_3.9.900.20240824-1409\jars\aopalliance-1.0.jar
2024-12-10 15:39:23,248 [Worker-24: Launching Executing install in D__project_Hybrid_backend_hybrid_backend] INFO  o.eclipse.m2e.core.internal.Bundles - 	Entry: C:\Users\ADMIN\Downloads\eclipse-jee-2023-09-R-win32-x86_64 (1)\eclipse\plugins\org.eclipse.m2e.maven.runtime_3.9.900.20240824-1409\jars\guice-5.1.0.jar
2024-12-10 15:39:23,249 [Worker-24: Launching Executing install in D__project_Hybrid_backend_hybrid_backend] INFO  o.eclipse.m2e.core.internal.Bundles - 	Entry: C:\Users\ADMIN\Downloads\eclipse-jee-2023-09-R-win32-x86_64 (1)\eclipse\plugins\org.eclipse.m2e.maven.runtime_3.9.900.20240824-1409\jars\httpclient-4.5.14.jar
2024-12-10 15:39:23,250 [Worker-24: Launching Executing install in D__project_Hybrid_backend_hybrid_backend] INFO  o.eclipse.m2e.core.internal.Bundles - 	Entry: C:\Users\ADMIN\Downloads\eclipse-jee-2023-09-R-win32-x86_64 (1)\eclipse\plugins\org.eclipse.m2e.maven.runtime_3.9.900.20240824-1409\jars\httpcore-4.4.16.jar
2024-12-10 15:39:23,251 [Worker-24: Launching Executing install in D__project_Hybrid_backend_hybrid_backend] INFO  o.eclipse.m2e.core.internal.Bundles - 	Entry: C:\Users\ADMIN\Downloads\eclipse-jee-2023-09-R-win32-x86_64 (1)\eclipse\plugins\org.eclipse.m2e.maven.runtime_3.9.900.20240824-1409\jars\jansi-2.4.1.jar
2024-12-10 15:39:23,252 [Worker-24: Launching Executing install in D__project_Hybrid_backend_hybrid_backend] INFO  o.eclipse.m2e.core.internal.Bundles - 	Entry: C:\Users\ADMIN\Downloads\eclipse-jee-2023-09-R-win32-x86_64 (1)\eclipse\plugins\org.eclipse.m2e.maven.runtime_3.9.900.20240824-1409\jars\jcl-over-slf4j-1.7.36.jar
2024-12-10 15:39:23,252 [Worker-24: Launching Executing install in D__project_Hybrid_backend_hybrid_backend] INFO  o.eclipse.m2e.core.internal.Bundles - 	Entry: C:\Users\ADMIN\Downloads\eclipse-jee-2023-09-R-win32-x86_64 (1)\eclipse\plugins\org.eclipse.m2e.maven.runtime_3.9.900.20240824-1409\jars\maven-artifact-3.9.9.jar
2024-12-10 15:39:23,253 [Worker-24: Launching Executing install in D__project_Hybrid_backend_hybrid_backend] INFO  o.eclipse.m2e.core.internal.Bundles - 	Entry: C:\Users\ADMIN\Downloads\eclipse-jee-2023-09-R-win32-x86_64 (1)\eclipse\plugins\org.eclipse.m2e.maven.runtime_3.9.900.20240824-1409\jars\maven-builder-support-3.9.9.jar
2024-12-10 15:39:23,253 [Worker-24: Launching Executing install in D__project_Hybrid_backend_hybrid_backend] INFO  o.eclipse.m2e.core.internal.Bundles - 	Entry: C:\Users\ADMIN\Downloads\eclipse-jee-2023-09-R-win32-x86_64 (1)\eclipse\plugins\org.eclipse.m2e.maven.runtime_3.9.900.20240824-1409\jars\maven-compat-3.9.9.jar
2024-12-10 15:39:23,254 [Worker-24: Launching Executing install in D__project_Hybrid_backend_hybrid_backend] INFO  o.eclipse.m2e.core.internal.Bundles - 	Entry: C:\Users\ADMIN\Downloads\eclipse-jee-2023-09-R-win32-x86_64 (1)\eclipse\plugins\org.eclipse.m2e.maven.runtime_3.9.900.20240824-1409\jars\maven-core-3.9.9.jar
2024-12-10 15:39:23,254 [Worker-24: Launching Executing install in D__project_Hybrid_backend_hybrid_backend] INFO  o.eclipse.m2e.core.internal.Bundles - 	Entry: C:\Users\ADMIN\Downloads\eclipse-jee-2023-09-R-win32-x86_64 (1)\eclipse\plugins\org.eclipse.m2e.maven.runtime_3.9.900.20240824-1409\jars\maven-embedder-3.9.9.jar
2024-12-10 15:39:23,255 [Worker-24: Launching Executing install in D__project_Hybrid_backend_hybrid_backend] INFO  o.eclipse.m2e.core.internal.Bundles - 	Entry: C:\Users\ADMIN\Downloads\eclipse-jee-2023-09-R-win32-x86_64 (1)\eclipse\plugins\org.eclipse.m2e.maven.runtime_3.9.900.20240824-1409\jars\maven-model-3.9.9.jar
2024-12-10 15:39:23,255 [Worker-24: Launching Executing install in D__project_Hybrid_backend_hybrid_backend] INFO  o.eclipse.m2e.core.internal.Bundles - 	Entry: C:\Users\ADMIN\Downloads\eclipse-jee-2023-09-R-win32-x86_64 (1)\eclipse\plugins\org.eclipse.m2e.maven.runtime_3.9.900.20240824-1409\jars\maven-model-builder-3.9.9.jar
2024-12-10 15:39:23,256 [Worker-24: Launching Executing install in D__project_Hybrid_backend_hybrid_backend] INFO  o.eclipse.m2e.core.internal.Bundles - 	Entry: C:\Users\ADMIN\Downloads\eclipse-jee-2023-09-R-win32-x86_64 (1)\eclipse\plugins\org.eclipse.m2e.maven.runtime_3.9.900.20240824-1409\jars\maven-plugin-api-3.9.9.jar
2024-12-10 15:39:23,256 [Worker-24: Launching Executing install in D__project_Hybrid_backend_hybrid_backend] INFO  o.eclipse.m2e.core.internal.Bundles - 	Entry: C:\Users\ADMIN\Downloads\eclipse-jee-2023-09-R-win32-x86_64 (1)\eclipse\plugins\org.eclipse.m2e.maven.runtime_3.9.900.20240824-1409\jars\maven-repository-metadata-3.9.9.jar
2024-12-10 15:39:23,257 [Worker-24: Launching Executing install in D__project_Hybrid_backend_hybrid_backend] INFO  o.eclipse.m2e.core.internal.Bundles - 	Entry: C:\Users\ADMIN\Downloads\eclipse-jee-2023-09-R-win32-x86_64 (1)\eclipse\plugins\org.eclipse.m2e.maven.runtime_3.9.900.20240824-1409\jars\maven-resolver-api-1.9.22.jar
2024-12-10 15:39:23,257 [Worker-24: Launching Executing install in D__project_Hybrid_backend_hybrid_backend] INFO  o.eclipse.m2e.core.internal.Bundles - 	Entry: C:\Users\ADMIN\Downloads\eclipse-jee-2023-09-R-win32-x86_64 (1)\eclipse\plugins\org.eclipse.m2e.maven.runtime_3.9.900.20240824-1409\jars\maven-resolver-connector-basic-1.9.22.jar
2024-12-10 15:39:23,258 [Worker-24: Launching Executing install in D__project_Hybrid_backend_hybrid_backend] INFO  o.eclipse.m2e.core.internal.Bundles - 	Entry: C:\Users\ADMIN\Downloads\eclipse-jee-2023-09-R-win32-x86_64 (1)\eclipse\plugins\org.eclipse.m2e.maven.runtime_3.9.900.20240824-1409\jars\maven-resolver-impl-1.9.22.jar
2024-12-10 15:39:23,258 [Worker-24: Launching Executing install in D__project_Hybrid_backend_hybrid_backend] INFO  o.eclipse.m2e.core.internal.Bundles - 	Entry: C:\Users\ADMIN\Downloads\eclipse-jee-2023-09-R-win32-x86_64 (1)\eclipse\plugins\org.eclipse.m2e.maven.runtime_3.9.900.20240824-1409\jars\maven-resolver-named-locks-1.9.22.jar
2024-12-10 15:39:23,258 [Worker-24: Launching Executing install in D__project_Hybrid_backend_hybrid_backend] INFO  o.eclipse.m2e.core.internal.Bundles - 	Entry: C:\Users\ADMIN\Downloads\eclipse-jee-2023-09-R-win32-x86_64 (1)\eclipse\plugins\org.eclipse.m2e.maven.runtime_3.9.900.20240824-1409\jars\maven-resolver-provider-3.9.9.jar
2024-12-10 15:39:23,259 [Worker-24: Launching Executing install in D__project_Hybrid_backend_hybrid_backend] INFO  o.eclipse.m2e.core.internal.Bundles - 	Entry: C:\Users\ADMIN\Downloads\eclipse-jee-2023-09-R-win32-x86_64 (1)\eclipse\plugins\org.eclipse.m2e.maven.runtime_3.9.900.20240824-1409\jars\maven-resolver-spi-1.9.22.jar
2024-12-10 15:39:23,260 [Worker-24: Launching Executing install in D__project_Hybrid_backend_hybrid_backend] INFO  o.eclipse.m2e.core.internal.Bundles - 	Entry: C:\Users\ADMIN\Downloads\eclipse-jee-2023-09-R-win32-x86_64 (1)\eclipse\plugins\org.eclipse.m2e.maven.runtime_3.9.900.20240824-1409\jars\maven-resolver-transport-file-1.9.22.jar
2024-12-10 15:39:23,260 [Worker-24: Launching Executing install in D__project_Hybrid_backend_hybrid_backend] INFO  o.eclipse.m2e.core.internal.Bundles - 	Entry: C:\Users\ADMIN\Downloads\eclipse-jee-2023-09-R-win32-x86_64 (1)\eclipse\plugins\org.eclipse.m2e.maven.runtime_3.9.900.20240824-1409\jars\maven-resolver-transport-http-1.9.22.jar
2024-12-10 15:39:23,261 [Worker-24: Launching Executing install in D__project_Hybrid_backend_hybrid_backend] INFO  o.eclipse.m2e.core.internal.Bundles - 	Entry: C:\Users\ADMIN\Downloads\eclipse-jee-2023-09-R-win32-x86_64 (1)\eclipse\plugins\org.eclipse.m2e.maven.runtime_3.9.900.20240824-1409\jars\maven-resolver-transport-wagon-1.9.22.jar
2024-12-10 15:39:23,262 [Worker-24: Launching Executing install in D__project_Hybrid_backend_hybrid_backend] INFO  o.eclipse.m2e.core.internal.Bundles - 	Entry: C:\Users\ADMIN\Downloads\eclipse-jee-2023-09-R-win32-x86_64 (1)\eclipse\plugins\org.eclipse.m2e.maven.runtime_3.9.900.20240824-1409\jars\maven-resolver-util-1.9.22.jar
2024-12-10 15:39:23,262 [Worker-24: Launching Executing install in D__project_Hybrid_backend_hybrid_backend] INFO  o.eclipse.m2e.core.internal.Bundles - 	Entry: C:\Users\ADMIN\Downloads\eclipse-jee-2023-09-R-win32-x86_64 (1)\eclipse\plugins\org.eclipse.m2e.maven.runtime_3.9.900.20240824-1409\jars\maven-settings-3.9.9.jar
2024-12-10 15:39:23,263 [Worker-24: Launching Executing install in D__project_Hybrid_backend_hybrid_backend] INFO  o.eclipse.m2e.core.internal.Bundles - 	Entry: C:\Users\ADMIN\Downloads\eclipse-jee-2023-09-R-win32-x86_64 (1)\eclipse\plugins\org.eclipse.m2e.maven.runtime_3.9.900.20240824-1409\jars\maven-settings-builder-3.9.9.jar
2024-12-10 15:39:23,264 [Worker-24: Launching Executing install in D__project_Hybrid_backend_hybrid_backend] INFO  o.eclipse.m2e.core.internal.Bundles - 	Entry: C:\Users\ADMIN\Downloads\eclipse-jee-2023-09-R-win32-x86_64 (1)\eclipse\plugins\org.eclipse.m2e.maven.runtime_3.9.900.20240824-1409\jars\maven-shared-utils-3.4.2.jar
2024-12-10 15:39:23,265 [Worker-24: Launching Executing install in D__project_Hybrid_backend_hybrid_backend] INFO  o.eclipse.m2e.core.internal.Bundles - 	Entry: C:\Users\ADMIN\Downloads\eclipse-jee-2023-09-R-win32-x86_64 (1)\eclipse\plugins\org.eclipse.m2e.maven.runtime_3.9.900.20240824-1409\jars\org.eclipse.sisu.inject-0.9.0.M3.jar
2024-12-10 15:39:23,265 [Worker-24: Launching Executing install in D__project_Hybrid_backend_hybrid_backend] INFO  o.eclipse.m2e.core.internal.Bundles - 	Entry: C:\Users\ADMIN\Downloads\eclipse-jee-2023-09-R-win32-x86_64 (1)\eclipse\plugins\org.eclipse.m2e.maven.runtime_3.9.900.20240824-1409\jars\org.eclipse.sisu.plexus-0.9.0.M3.jar
2024-12-10 15:39:23,266 [Worker-24: Launching Executing install in D__project_Hybrid_backend_hybrid_backend] INFO  o.eclipse.m2e.core.internal.Bundles - 	Entry: C:\Users\ADMIN\Downloads\eclipse-jee-2023-09-R-win32-x86_64 (1)\eclipse\plugins\org.eclipse.m2e.maven.runtime_3.9.900.20240824-1409\jars\plexus-build-api-0.0.7.jar
2024-12-10 15:39:23,267 [Worker-24: Launching Executing install in D__project_Hybrid_backend_hybrid_backend] INFO  o.eclipse.m2e.core.internal.Bundles - 	Entry: C:\Users\ADMIN\Downloads\eclipse-jee-2023-09-R-win32-x86_64 (1)\eclipse\plugins\org.eclipse.m2e.maven.runtime_3.9.900.20240824-1409\jars\plexus-build-api-1.2.0.jar
2024-12-10 15:39:23,267 [Worker-24: Launching Executing install in D__project_Hybrid_backend_hybrid_backend] INFO  o.eclipse.m2e.core.internal.Bundles - 	Entry: C:\Users\ADMIN\Downloads\eclipse-jee-2023-09-R-win32-x86_64 (1)\eclipse\plugins\org.eclipse.m2e.maven.runtime_3.9.900.20240824-1409\jars\plexus-cipher-2.0.jar
2024-12-10 15:39:23,268 [Worker-24: Launching Executing install in D__project_Hybrid_backend_hybrid_backend] INFO  o.eclipse.m2e.core.internal.Bundles - 	Entry: C:\Users\ADMIN\Downloads\eclipse-jee-2023-09-R-win32-x86_64 (1)\eclipse\plugins\org.eclipse.m2e.maven.runtime_3.9.900.20240824-1409\jars\plexus-classworlds-2.8.0.jar
2024-12-10 15:39:23,269 [Worker-24: Launching Executing install in D__project_Hybrid_backend_hybrid_backend] INFO  o.eclipse.m2e.core.internal.Bundles - 	Entry: C:\Users\ADMIN\Downloads\eclipse-jee-2023-09-R-win32-x86_64 (1)\eclipse\plugins\org.eclipse.m2e.maven.runtime_3.9.900.20240824-1409\jars\plexus-component-annotations-2.1.0.jar
2024-12-10 15:39:23,269 [Worker-24: Launching Executing install in D__project_Hybrid_backend_hybrid_backend] INFO  o.eclipse.m2e.core.internal.Bundles - 	Entry: C:\Users\ADMIN\Downloads\eclipse-jee-2023-09-R-win32-x86_64 (1)\eclipse\plugins\org.eclipse.m2e.maven.runtime_3.9.900.20240824-1409\jars\plexus-interpolation-1.27.jar
2024-12-10 15:39:23,270 [Worker-24: Launching Executing install in D__project_Hybrid_backend_hybrid_backend] INFO  o.eclipse.m2e.core.internal.Bundles - 	Entry: C:\Users\ADMIN\Downloads\eclipse-jee-2023-09-R-win32-x86_64 (1)\eclipse\plugins\org.eclipse.m2e.maven.runtime_3.9.900.20240824-1409\jars\plexus-sec-dispatcher-2.0.jar
2024-12-10 15:39:23,270 [Worker-24: Launching Executing install in D__project_Hybrid_backend_hybrid_backend] INFO  o.eclipse.m2e.core.internal.Bundles - 	Entry: C:\Users\ADMIN\Downloads\eclipse-jee-2023-09-R-win32-x86_64 (1)\eclipse\plugins\org.eclipse.m2e.maven.runtime_3.9.900.20240824-1409\jars\plexus-utils-3.5.1.jar
2024-12-10 15:39:23,271 [Worker-24: Launching Executing install in D__project_Hybrid_backend_hybrid_backend] INFO  o.eclipse.m2e.core.internal.Bundles - 	Entry: C:\Users\ADMIN\Downloads\eclipse-jee-2023-09-R-win32-x86_64 (1)\eclipse\plugins\org.eclipse.m2e.maven.runtime_3.9.900.20240824-1409\jars\plexus-xml-3.0.1.jar
2024-12-10 15:39:23,271 [Worker-24: Launching Executing install in D__project_Hybrid_backend_hybrid_backend] INFO  o.eclipse.m2e.core.internal.Bundles - 	Entry: C:\Users\ADMIN\Downloads\eclipse-jee-2023-09-R-win32-x86_64 (1)\eclipse\plugins\org.eclipse.m2e.maven.runtime_3.9.900.20240824-1409\jars\wagon-file-3.5.3.jar
2024-12-10 15:39:23,272 [Worker-24: Launching Executing install in D__project_Hybrid_backend_hybrid_backend] INFO  o.eclipse.m2e.core.internal.Bundles - 	Entry: C:\Users\ADMIN\Downloads\eclipse-jee-2023-09-R-win32-x86_64 (1)\eclipse\plugins\org.eclipse.m2e.maven.runtime_3.9.900.20240824-1409\jars\wagon-http-3.5.3.jar
2024-12-10 15:39:23,272 [Worker-24: Launching Executing install in D__project_Hybrid_backend_hybrid_backend] INFO  o.eclipse.m2e.core.internal.Bundles - 	Entry: C:\Users\ADMIN\Downloads\eclipse-jee-2023-09-R-win32-x86_64 (1)\eclipse\plugins\org.eclipse.m2e.maven.runtime_3.9.900.20240824-1409\jars\wagon-http-shared-3.5.3.jar
2024-12-10 15:39:23,272 [Worker-24: Launching Executing install in D__project_Hybrid_backend_hybrid_backend] INFO  o.eclipse.m2e.core.internal.Bundles - 	Entry: C:\Users\ADMIN\Downloads\eclipse-jee-2023-09-R-win32-x86_64 (1)\eclipse\plugins\org.eclipse.m2e.maven.runtime_3.9.900.20240824-1409\jars\wagon-provider-api-3.5.3.jar
2024-12-10 15:39:23,273 [Worker-24: Launching Executing install in D__project_Hybrid_backend_hybrid_backend] INFO  o.eclipse.m2e.core.internal.Bundles - getClasspathEntries(Bundle=com.google.guava_33.3.0.jre [1039])
2024-12-10 15:39:23,274 [Worker-24: Launching Executing install in D__project_Hybrid_backend_hybrid_backend] INFO  o.eclipse.m2e.core.internal.Bundles - 	Entry: C:\Users\ADMIN\Downloads\eclipse-jee-2023-09-R-win32-x86_64 (1)\eclipse\plugins\com.google.guava_33.3.0.jre.jar
2024-12-10 15:39:23,275 [Worker-24: Launching Executing install in D__project_Hybrid_backend_hybrid_backend] INFO  o.eclipse.m2e.core.internal.Bundles - getClasspathEntries(Bundle=slf4j.api_2.0.16 [1753])
2024-12-10 15:39:23,276 [Worker-24: Launching Executing install in D__project_Hybrid_backend_hybrid_backend] INFO  o.eclipse.m2e.core.internal.Bundles - 	Entry: C:\Users\ADMIN\Downloads\eclipse-jee-2023-09-R-win32-x86_64 (1)\eclipse\plugins\slf4j.api_2.0.16.jar
2024-12-10 15:39:23,276 [Worker-24: Launching Executing install in D__project_Hybrid_backend_hybrid_backend] INFO  o.eclipse.m2e.core.internal.Bundles - getClasspathEntries(Bundle=javax.inject_1.0.0.v20220405-0441 [38])
2024-12-10 15:39:23,276 [Worker-24: Launching Executing install in D__project_Hybrid_backend_hybrid_backend] INFO  o.eclipse.m2e.core.internal.Bundles - 	Entry: C:\Users\ADMIN\Downloads\eclipse-jee-2023-09-R-win32-x86_64 (1)\eclipse\plugins\javax.inject_1.0.0.v20220405-0441.jar
2024-12-10 15:39:23,278 [Worker-24: Launching Executing install in D__project_Hybrid_backend_hybrid_backend] INFO  o.eclipse.m2e.core.internal.Bundles - getClasspathEntries(Bundle=javax.annotation_1.3.5.v20230504-0748 [1059])
2024-12-10 15:39:23,279 [Worker-24: Launching Executing install in D__project_Hybrid_backend_hybrid_backend] INFO  o.eclipse.m2e.core.internal.Bundles - 	Entry: C:\Users\ADMIN\Downloads\eclipse-jee-2023-09-R-win32-x86_64 (1)\eclipse\plugins\javax.annotation_1.3.5.v20230504-0748.jar
2024-12-10 15:39:23,279 [Worker-24: Launching Executing install in D__project_Hybrid_backend_hybrid_backend] INFO  o.eclipse.m2e.core.internal.Bundles - getClasspathEntries(Bundle=org.apache.commons.cli_1.9.0 [1082])
2024-12-10 15:39:23,280 [Worker-24: Launching Executing install in D__project_Hybrid_backend_hybrid_backend] INFO  o.eclipse.m2e.core.internal.Bundles - 	Entry: C:\Users\ADMIN\Downloads\eclipse-jee-2023-09-R-win32-x86_64 (1)\eclipse\plugins\org.apache.commons.cli_1.9.0.jar
2024-12-10 15:39:23,281 [Worker-24: Launching Executing install in D__project_Hybrid_backend_hybrid_backend] INFO  o.eclipse.m2e.core.internal.Bundles - getClasspathEntries(Bundle=org.apache.commons.commons-codec_1.16.0 [76])
2024-12-10 15:39:23,282 [Worker-24: Launching Executing install in D__project_Hybrid_backend_hybrid_backend] INFO  o.eclipse.m2e.core.internal.Bundles - 	Entry: C:\Users\ADMIN\Downloads\eclipse-jee-2023-09-R-win32-x86_64 (1)\eclipse\plugins\org.apache.commons.commons-codec_1.16.0.jar
2024-12-10 15:39:23,282 [Worker-24: Launching Executing install in D__project_Hybrid_backend_hybrid_backend] INFO  o.eclipse.m2e.core.internal.Bundles - getClasspathEntries(Bundle=com.google.guava.failureaccess_1.0.2 [1040])
2024-12-10 15:39:23,283 [Worker-24: Launching Executing install in D__project_Hybrid_backend_hybrid_backend] INFO  o.eclipse.m2e.core.internal.Bundles - 	Entry: C:\Users\ADMIN\Downloads\eclipse-jee-2023-09-R-win32-x86_64 (1)\eclipse\plugins\com.google.guava.failureaccess_1.0.2.jar
2024-12-10 15:39:23,284 [Worker-24: Launching Executing install in D__project_Hybrid_backend_hybrid_backend] INFO  o.e.m.i.launch.MavenLaunchDelegate - Run build in "D:\project\Hybrid_backend\hybrid_backend":
2024-12-10 15:39:23,284 [Worker-24: Launching Executing install in D__project_Hybrid_backend_hybrid_backend] INFO  o.e.m.i.launch.MavenLaunchDelegate -  mvn  -B -Dstyle.color=always install
2024-12-10 15:39:34,658 [Worker-32: Building] INFO  o.a.m.s.f.DefaultMavenResourcesFiltering - Copying 1 resource from src\main\resources to target\classes
2024-12-10 15:39:34,666 [Worker-32: Building] INFO  o.a.m.s.f.DefaultMavenResourcesFiltering - Copying 11 resources from src\main\resources to target\classes
2024-12-10 15:39:34,678 [Worker-32: Building] INFO  o.a.m.s.f.DefaultMavenResourcesFiltering - skip non existing resourceDirectory D:\project\Hybrid_backend\hybrid_backend\src\test\resources
2024-12-10 16:11:09,853 [Worker-39: Building] INFO  o.a.m.s.f.DefaultMavenResourcesFiltering - Copying 1 resource from src\main\resources to target\classes
2024-12-10 16:11:09,862 [Worker-39: Building] INFO  o.a.m.s.f.DefaultMavenResourcesFiltering - Copying 0 resource from src\main\resources to target\classes
2024-12-10 16:11:09,866 [Worker-39: Building] INFO  o.a.m.s.f.DefaultMavenResourcesFiltering - skip non existing resourceDirectory D:\project\Hybrid_backend\hybrid_backend\src\test\resources
2024-12-10 16:49:20,535 [Worker-45: Building] INFO  o.a.m.s.f.DefaultMavenResourcesFiltering - Copying 1 resource from src\main\resources to target\classes
2024-12-10 16:49:20,587 [Worker-45: Building] INFO  o.a.m.s.f.DefaultMavenResourcesFiltering - Copying 11 resources from src\main\resources to target\classes
2024-12-10 16:49:20,601 [Worker-45: Building] INFO  o.a.m.s.f.DefaultMavenResourcesFiltering - skip non existing resourceDirectory D:\project\Hybrid_backend\hybrid_backend\src\test\resources
2024-12-10 17:28:47,239 [Worker-42: Building] INFO  o.a.m.s.f.DefaultMavenResourcesFiltering - Copying 1 resource from src\main\resources to target\classes
2024-12-10 17:28:47,307 [Worker-42: Building] INFO  o.a.m.s.f.DefaultMavenResourcesFiltering - Copying 0 resource from src\main\resources to target\classes
2024-12-10 17:28:47,313 [Worker-42: Building] INFO  o.a.m.s.f.DefaultMavenResourcesFiltering - skip non existing resourceDirectory D:\project\Hybrid_backend\hybrid_backend\src\test\resources
2024-12-10 17:51:58,598 [Worker-56: Building] INFO  o.a.m.s.f.DefaultMavenResourcesFiltering - Copying 1 resource from src\main\resources to target\classes
2024-12-10 17:51:58,629 [Worker-56: Building] INFO  o.a.m.s.f.DefaultMavenResourcesFiltering - Copying 11 resources from src\main\resources to target\classes
2024-12-10 17:51:58,642 [Worker-56: Building] INFO  o.a.m.s.f.DefaultMavenResourcesFiltering - skip non existing resourceDirectory D:\project\Hybrid_backend\hybrid_backend\src\test\resources
2024-12-10 17:55:36,971 [Worker-60: Building] INFO  o.a.m.s.f.DefaultMavenResourcesFiltering - Copying 1 resource from src\main\resources to target\classes
2024-12-10 17:55:36,989 [Worker-60: Building] INFO  o.a.m.s.f.DefaultMavenResourcesFiltering - Copying 0 resource from src\main\resources to target\classes
2024-12-10 17:55:36,992 [Worker-60: Building] INFO  o.a.m.s.f.DefaultMavenResourcesFiltering - skip non existing resourceDirectory D:\project\Hybrid_backend\hybrid_backend\src\test\resources
2024-12-10 18:31:45,259 [Worker-68: Building] INFO  o.a.m.s.f.DefaultMavenResourcesFiltering - Copying 1 resource from src\main\resources to target\classes
2024-12-10 18:31:45,332 [Worker-68: Building] INFO  o.a.m.s.f.DefaultMavenResourcesFiltering - Copying 0 resource from src\main\resources to target\classes
2024-12-10 18:31:45,341 [Worker-68: Building] INFO  o.a.m.s.f.DefaultMavenResourcesFiltering - skip non existing resourceDirectory D:\project\Hybrid_backend\hybrid_backend\src\test\resources
2024-12-11 10:14:33,884 [Worker-10: Loading available Gradle versions] INFO  o.e.b.c.i.u.g.PublishedGradleVersions - Gradle version information cache is up-to-date. Trying to read.
2024-12-11 10:15:19,801 [Worker-4: Building] INFO  o.a.m.s.f.DefaultMavenResourcesFiltering - Copying 1 resource from src\main\resources to target\classes
2024-12-11 10:15:19,850 [Worker-4: Building] INFO  o.a.m.s.f.DefaultMavenResourcesFiltering - Copying 11 resources from src\main\resources to target\classes
2024-12-11 10:15:19,880 [Worker-4: Building] INFO  o.a.m.s.f.DefaultMavenResourcesFiltering - skip non existing resourceDirectory D:\project\Hybrid_backend\hybrid_backend\src\test\resources
2024-12-11 10:15:20,841 [Worker-23: Building] INFO  o.a.m.s.f.DefaultMavenResourcesFiltering - Copying 1 resource from src\main\resources to target\classes
2024-12-11 10:15:20,864 [Worker-23: Building] INFO  o.a.m.s.f.DefaultMavenResourcesFiltering - Copying 0 resource from src\main\resources to target\classes
2024-12-11 10:15:20,870 [Worker-23: Building] INFO  o.a.m.s.f.DefaultMavenResourcesFiltering - skip non existing resourceDirectory D:\project\Hybrid_backend\hybrid_backend\src\test\resources
2024-12-11 12:28:50,068 [Worker-37: Building] INFO  o.a.m.s.f.DefaultMavenResourcesFiltering - Copying 1 resource from src\main\resources to target\classes
2024-12-11 12:28:50,144 [Worker-37: Building] INFO  o.a.m.s.f.DefaultMavenResourcesFiltering - Copying 0 resource from src\main\resources to target\classes
2024-12-11 12:28:50,155 [Worker-37: Building] INFO  o.a.m.s.f.DefaultMavenResourcesFiltering - skip non existing resourceDirectory D:\project\Hybrid_backend\hybrid_backend\src\test\resources
2024-12-11 12:29:14,551 [Worker-21: Building] INFO  o.a.m.s.f.DefaultMavenResourcesFiltering - Copying 1 resource from src\main\resources to target\classes
2024-12-11 12:29:14,612 [Worker-21: Building] INFO  o.a.m.s.f.DefaultMavenResourcesFiltering - Copying 0 resource from src\main\resources to target\classes
2024-12-11 12:29:14,615 [Worker-21: Building] INFO  o.a.m.s.f.DefaultMavenResourcesFiltering - skip non existing resourceDirectory D:\project\Hybrid_backend\hybrid_backend\src\test\resources
2024-12-14 19:41:59,124 [Worker-10: Loading available Gradle versions] INFO  o.e.b.c.i.u.g.PublishedGradleVersions - Gradle version information cache is out-of-date. Trying to update.
2025-01-06 17:00:17,915 [Worker-10: Loading available Gradle versions] INFO  o.e.b.c.i.u.g.PublishedGradleVersions - Gradle version information cache is up-to-date. Trying to read.
2025-01-06 17:00:40,622 [Worker-11: Launching Executing clean in D__project_Hybrid_backend_hybrid_backend] INFO  o.eclipse.m2e.core.internal.Bundles - getClasspathEntries(Bundle=org.eclipse.m2e.maven.runtime_3.9.900.20240824-1409 [1522])
2025-01-06 17:00:40,629 [Worker-11: Launching Executing clean in D__project_Hybrid_backend_hybrid_backend] INFO  o.eclipse.m2e.core.internal.Bundles - 	Entry: C:\Users\ADMIN\Downloads\eclipse-jee-2023-09-R-win32-x86_64 (1)\eclipse\plugins\org.eclipse.m2e.maven.runtime_3.9.900.20240824-1409
2025-01-06 17:00:40,630 [Worker-11: Launching Executing clean in D__project_Hybrid_backend_hybrid_backend] INFO  o.eclipse.m2e.core.internal.Bundles - 	Entry: C:\Users\ADMIN\Downloads\eclipse-jee-2023-09-R-win32-x86_64 (1)\eclipse\plugins\org.eclipse.m2e.maven.runtime_3.9.900.20240824-1409\jars\aopalliance-1.0.jar
2025-01-06 17:00:40,630 [Worker-11: Launching Executing clean in D__project_Hybrid_backend_hybrid_backend] INFO  o.eclipse.m2e.core.internal.Bundles - 	Entry: C:\Users\ADMIN\Downloads\eclipse-jee-2023-09-R-win32-x86_64 (1)\eclipse\plugins\org.eclipse.m2e.maven.runtime_3.9.900.20240824-1409\jars\guice-5.1.0.jar
2025-01-06 17:00:40,631 [Worker-11: Launching Executing clean in D__project_Hybrid_backend_hybrid_backend] INFO  o.eclipse.m2e.core.internal.Bundles - 	Entry: C:\Users\ADMIN\Downloads\eclipse-jee-2023-09-R-win32-x86_64 (1)\eclipse\plugins\org.eclipse.m2e.maven.runtime_3.9.900.20240824-1409\jars\httpclient-4.5.14.jar
2025-01-06 17:00:40,632 [Worker-11: Launching Executing clean in D__project_Hybrid_backend_hybrid_backend] INFO  o.eclipse.m2e.core.internal.Bundles - 	Entry: C:\Users\ADMIN\Downloads\eclipse-jee-2023-09-R-win32-x86_64 (1)\eclipse\plugins\org.eclipse.m2e.maven.runtime_3.9.900.20240824-1409\jars\httpcore-4.4.16.jar
2025-01-06 17:00:40,633 [Worker-11: Launching Executing clean in D__project_Hybrid_backend_hybrid_backend] INFO  o.eclipse.m2e.core.internal.Bundles - 	Entry: C:\Users\ADMIN\Downloads\eclipse-jee-2023-09-R-win32-x86_64 (1)\eclipse\plugins\org.eclipse.m2e.maven.runtime_3.9.900.20240824-1409\jars\jansi-2.4.1.jar
2025-01-06 17:00:40,634 [Worker-11: Launching Executing clean in D__project_Hybrid_backend_hybrid_backend] INFO  o.eclipse.m2e.core.internal.Bundles - 	Entry: C:\Users\ADMIN\Downloads\eclipse-jee-2023-09-R-win32-x86_64 (1)\eclipse\plugins\org.eclipse.m2e.maven.runtime_3.9.900.20240824-1409\jars\jcl-over-slf4j-1.7.36.jar
2025-01-06 17:00:40,635 [Worker-11: Launching Executing clean in D__project_Hybrid_backend_hybrid_backend] INFO  o.eclipse.m2e.core.internal.Bundles - 	Entry: C:\Users\ADMIN\Downloads\eclipse-jee-2023-09-R-win32-x86_64 (1)\eclipse\plugins\org.eclipse.m2e.maven.runtime_3.9.900.20240824-1409\jars\maven-artifact-3.9.9.jar
2025-01-06 17:00:40,635 [Worker-11: Launching Executing clean in D__project_Hybrid_backend_hybrid_backend] INFO  o.eclipse.m2e.core.internal.Bundles - 	Entry: C:\Users\ADMIN\Downloads\eclipse-jee-2023-09-R-win32-x86_64 (1)\eclipse\plugins\org.eclipse.m2e.maven.runtime_3.9.900.20240824-1409\jars\maven-builder-support-3.9.9.jar
2025-01-06 17:00:40,636 [Worker-11: Launching Executing clean in D__project_Hybrid_backend_hybrid_backend] INFO  o.eclipse.m2e.core.internal.Bundles - 	Entry: C:\Users\ADMIN\Downloads\eclipse-jee-2023-09-R-win32-x86_64 (1)\eclipse\plugins\org.eclipse.m2e.maven.runtime_3.9.900.20240824-1409\jars\maven-compat-3.9.9.jar
2025-01-06 17:00:40,637 [Worker-11: Launching Executing clean in D__project_Hybrid_backend_hybrid_backend] INFO  o.eclipse.m2e.core.internal.Bundles - 	Entry: C:\Users\ADMIN\Downloads\eclipse-jee-2023-09-R-win32-x86_64 (1)\eclipse\plugins\org.eclipse.m2e.maven.runtime_3.9.900.20240824-1409\jars\maven-core-3.9.9.jar
2025-01-06 17:00:40,638 [Worker-11: Launching Executing clean in D__project_Hybrid_backend_hybrid_backend] INFO  o.eclipse.m2e.core.internal.Bundles - 	Entry: C:\Users\ADMIN\Downloads\eclipse-jee-2023-09-R-win32-x86_64 (1)\eclipse\plugins\org.eclipse.m2e.maven.runtime_3.9.900.20240824-1409\jars\maven-embedder-3.9.9.jar
2025-01-06 17:00:40,639 [Worker-11: Launching Executing clean in D__project_Hybrid_backend_hybrid_backend] INFO  o.eclipse.m2e.core.internal.Bundles - 	Entry: C:\Users\ADMIN\Downloads\eclipse-jee-2023-09-R-win32-x86_64 (1)\eclipse\plugins\org.eclipse.m2e.maven.runtime_3.9.900.20240824-1409\jars\maven-model-3.9.9.jar
2025-01-06 17:00:40,639 [Worker-11: Launching Executing clean in D__project_Hybrid_backend_hybrid_backend] INFO  o.eclipse.m2e.core.internal.Bundles - 	Entry: C:\Users\ADMIN\Downloads\eclipse-jee-2023-09-R-win32-x86_64 (1)\eclipse\plugins\org.eclipse.m2e.maven.runtime_3.9.900.20240824-1409\jars\maven-model-builder-3.9.9.jar
2025-01-06 17:00:40,640 [Worker-11: Launching Executing clean in D__project_Hybrid_backend_hybrid_backend] INFO  o.eclipse.m2e.core.internal.Bundles - 	Entry: C:\Users\ADMIN\Downloads\eclipse-jee-2023-09-R-win32-x86_64 (1)\eclipse\plugins\org.eclipse.m2e.maven.runtime_3.9.900.20240824-1409\jars\maven-plugin-api-3.9.9.jar
2025-01-06 17:00:40,641 [Worker-11: Launching Executing clean in D__project_Hybrid_backend_hybrid_backend] INFO  o.eclipse.m2e.core.internal.Bundles - 	Entry: C:\Users\ADMIN\Downloads\eclipse-jee-2023-09-R-win32-x86_64 (1)\eclipse\plugins\org.eclipse.m2e.maven.runtime_3.9.900.20240824-1409\jars\maven-repository-metadata-3.9.9.jar
2025-01-06 17:00:40,642 [Worker-11: Launching Executing clean in D__project_Hybrid_backend_hybrid_backend] INFO  o.eclipse.m2e.core.internal.Bundles - 	Entry: C:\Users\ADMIN\Downloads\eclipse-jee-2023-09-R-win32-x86_64 (1)\eclipse\plugins\org.eclipse.m2e.maven.runtime_3.9.900.20240824-1409\jars\maven-resolver-api-1.9.22.jar
2025-01-06 17:00:40,643 [Worker-11: Launching Executing clean in D__project_Hybrid_backend_hybrid_backend] INFO  o.eclipse.m2e.core.internal.Bundles - 	Entry: C:\Users\ADMIN\Downloads\eclipse-jee-2023-09-R-win32-x86_64 (1)\eclipse\plugins\org.eclipse.m2e.maven.runtime_3.9.900.20240824-1409\jars\maven-resolver-connector-basic-1.9.22.jar
2025-01-06 17:00:40,644 [Worker-11: Launching Executing clean in D__project_Hybrid_backend_hybrid_backend] INFO  o.eclipse.m2e.core.internal.Bundles - 	Entry: C:\Users\ADMIN\Downloads\eclipse-jee-2023-09-R-win32-x86_64 (1)\eclipse\plugins\org.eclipse.m2e.maven.runtime_3.9.900.20240824-1409\jars\maven-resolver-impl-1.9.22.jar
2025-01-06 17:00:40,645 [Worker-11: Launching Executing clean in D__project_Hybrid_backend_hybrid_backend] INFO  o.eclipse.m2e.core.internal.Bundles - 	Entry: C:\Users\ADMIN\Downloads\eclipse-jee-2023-09-R-win32-x86_64 (1)\eclipse\plugins\org.eclipse.m2e.maven.runtime_3.9.900.20240824-1409\jars\maven-resolver-named-locks-1.9.22.jar
2025-01-06 17:00:40,646 [Worker-11: Launching Executing clean in D__project_Hybrid_backend_hybrid_backend] INFO  o.eclipse.m2e.core.internal.Bundles - 	Entry: C:\Users\ADMIN\Downloads\eclipse-jee-2023-09-R-win32-x86_64 (1)\eclipse\plugins\org.eclipse.m2e.maven.runtime_3.9.900.20240824-1409\jars\maven-resolver-provider-3.9.9.jar
2025-01-06 17:00:40,647 [Worker-11: Launching Executing clean in D__project_Hybrid_backend_hybrid_backend] INFO  o.eclipse.m2e.core.internal.Bundles - 	Entry: C:\Users\ADMIN\Downloads\eclipse-jee-2023-09-R-win32-x86_64 (1)\eclipse\plugins\org.eclipse.m2e.maven.runtime_3.9.900.20240824-1409\jars\maven-resolver-spi-1.9.22.jar
2025-01-06 17:00:40,647 [Worker-11: Launching Executing clean in D__project_Hybrid_backend_hybrid_backend] INFO  o.eclipse.m2e.core.internal.Bundles - 	Entry: C:\Users\ADMIN\Downloads\eclipse-jee-2023-09-R-win32-x86_64 (1)\eclipse\plugins\org.eclipse.m2e.maven.runtime_3.9.900.20240824-1409\jars\maven-resolver-transport-file-1.9.22.jar
2025-01-06 17:00:40,649 [Worker-11: Launching Executing clean in D__project_Hybrid_backend_hybrid_backend] INFO  o.eclipse.m2e.core.internal.Bundles - 	Entry: C:\Users\ADMIN\Downloads\eclipse-jee-2023-09-R-win32-x86_64 (1)\eclipse\plugins\org.eclipse.m2e.maven.runtime_3.9.900.20240824-1409\jars\maven-resolver-transport-http-1.9.22.jar
2025-01-06 17:00:40,650 [Worker-11: Launching Executing clean in D__project_Hybrid_backend_hybrid_backend] INFO  o.eclipse.m2e.core.internal.Bundles - 	Entry: C:\Users\ADMIN\Downloads\eclipse-jee-2023-09-R-win32-x86_64 (1)\eclipse\plugins\org.eclipse.m2e.maven.runtime_3.9.900.20240824-1409\jars\maven-resolver-transport-wagon-1.9.22.jar
2025-01-06 17:00:40,651 [Worker-11: Launching Executing clean in D__project_Hybrid_backend_hybrid_backend] INFO  o.eclipse.m2e.core.internal.Bundles - 	Entry: C:\Users\ADMIN\Downloads\eclipse-jee-2023-09-R-win32-x86_64 (1)\eclipse\plugins\org.eclipse.m2e.maven.runtime_3.9.900.20240824-1409\jars\maven-resolver-util-1.9.22.jar
2025-01-06 17:00:40,652 [Worker-11: Launching Executing clean in D__project_Hybrid_backend_hybrid_backend] INFO  o.eclipse.m2e.core.internal.Bundles - 	Entry: C:\Users\ADMIN\Downloads\eclipse-jee-2023-09-R-win32-x86_64 (1)\eclipse\plugins\org.eclipse.m2e.maven.runtime_3.9.900.20240824-1409\jars\maven-settings-3.9.9.jar
2025-01-06 17:00:40,653 [Worker-11: Launching Executing clean in D__project_Hybrid_backend_hybrid_backend] INFO  o.eclipse.m2e.core.internal.Bundles - 	Entry: C:\Users\ADMIN\Downloads\eclipse-jee-2023-09-R-win32-x86_64 (1)\eclipse\plugins\org.eclipse.m2e.maven.runtime_3.9.900.20240824-1409\jars\maven-settings-builder-3.9.9.jar
2025-01-06 17:00:40,654 [Worker-11: Launching Executing clean in D__project_Hybrid_backend_hybrid_backend] INFO  o.eclipse.m2e.core.internal.Bundles - 	Entry: C:\Users\ADMIN\Downloads\eclipse-jee-2023-09-R-win32-x86_64 (1)\eclipse\plugins\org.eclipse.m2e.maven.runtime_3.9.900.20240824-1409\jars\maven-shared-utils-3.4.2.jar
2025-01-06 17:00:40,655 [Worker-11: Launching Executing clean in D__project_Hybrid_backend_hybrid_backend] INFO  o.eclipse.m2e.core.internal.Bundles - 	Entry: C:\Users\ADMIN\Downloads\eclipse-jee-2023-09-R-win32-x86_64 (1)\eclipse\plugins\org.eclipse.m2e.maven.runtime_3.9.900.20240824-1409\jars\org.eclipse.sisu.inject-0.9.0.M3.jar
2025-01-06 17:00:40,655 [Worker-11: Launching Executing clean in D__project_Hybrid_backend_hybrid_backend] INFO  o.eclipse.m2e.core.internal.Bundles - 	Entry: C:\Users\ADMIN\Downloads\eclipse-jee-2023-09-R-win32-x86_64 (1)\eclipse\plugins\org.eclipse.m2e.maven.runtime_3.9.900.20240824-1409\jars\org.eclipse.sisu.plexus-0.9.0.M3.jar
2025-01-06 17:00:40,656 [Worker-11: Launching Executing clean in D__project_Hybrid_backend_hybrid_backend] INFO  o.eclipse.m2e.core.internal.Bundles - 	Entry: C:\Users\ADMIN\Downloads\eclipse-jee-2023-09-R-win32-x86_64 (1)\eclipse\plugins\org.eclipse.m2e.maven.runtime_3.9.900.20240824-1409\jars\plexus-build-api-0.0.7.jar
2025-01-06 17:00:40,657 [Worker-11: Launching Executing clean in D__project_Hybrid_backend_hybrid_backend] INFO  o.eclipse.m2e.core.internal.Bundles - 	Entry: C:\Users\ADMIN\Downloads\eclipse-jee-2023-09-R-win32-x86_64 (1)\eclipse\plugins\org.eclipse.m2e.maven.runtime_3.9.900.20240824-1409\jars\plexus-build-api-1.2.0.jar
2025-01-06 17:00:40,658 [Worker-11: Launching Executing clean in D__project_Hybrid_backend_hybrid_backend] INFO  o.eclipse.m2e.core.internal.Bundles - 	Entry: C:\Users\ADMIN\Downloads\eclipse-jee-2023-09-R-win32-x86_64 (1)\eclipse\plugins\org.eclipse.m2e.maven.runtime_3.9.900.20240824-1409\jars\plexus-cipher-2.0.jar
2025-01-06 17:00:40,659 [Worker-11: Launching Executing clean in D__project_Hybrid_backend_hybrid_backend] INFO  o.eclipse.m2e.core.internal.Bundles - 	Entry: C:\Users\ADMIN\Downloads\eclipse-jee-2023-09-R-win32-x86_64 (1)\eclipse\plugins\org.eclipse.m2e.maven.runtime_3.9.900.20240824-1409\jars\plexus-classworlds-2.8.0.jar
2025-01-06 17:00:40,659 [Worker-11: Launching Executing clean in D__project_Hybrid_backend_hybrid_backend] INFO  o.eclipse.m2e.core.internal.Bundles - 	Entry: C:\Users\ADMIN\Downloads\eclipse-jee-2023-09-R-win32-x86_64 (1)\eclipse\plugins\org.eclipse.m2e.maven.runtime_3.9.900.20240824-1409\jars\plexus-component-annotations-2.1.0.jar
2025-01-06 17:00:40,660 [Worker-11: Launching Executing clean in D__project_Hybrid_backend_hybrid_backend] INFO  o.eclipse.m2e.core.internal.Bundles - 	Entry: C:\Users\ADMIN\Downloads\eclipse-jee-2023-09-R-win32-x86_64 (1)\eclipse\plugins\org.eclipse.m2e.maven.runtime_3.9.900.20240824-1409\jars\plexus-interpolation-1.27.jar
2025-01-06 17:00:40,661 [Worker-11: Launching Executing clean in D__project_Hybrid_backend_hybrid_backend] INFO  o.eclipse.m2e.core.internal.Bundles - 	Entry: C:\Users\ADMIN\Downloads\eclipse-jee-2023-09-R-win32-x86_64 (1)\eclipse\plugins\org.eclipse.m2e.maven.runtime_3.9.900.20240824-1409\jars\plexus-sec-dispatcher-2.0.jar
2025-01-06 17:00:40,661 [Worker-11: Launching Executing clean in D__project_Hybrid_backend_hybrid_backend] INFO  o.eclipse.m2e.core.internal.Bundles - 	Entry: C:\Users\ADMIN\Downloads\eclipse-jee-2023-09-R-win32-x86_64 (1)\eclipse\plugins\org.eclipse.m2e.maven.runtime_3.9.900.20240824-1409\jars\plexus-utils-3.5.1.jar
2025-01-06 17:00:40,662 [Worker-11: Launching Executing clean in D__project_Hybrid_backend_hybrid_backend] INFO  o.eclipse.m2e.core.internal.Bundles - 	Entry: C:\Users\ADMIN\Downloads\eclipse-jee-2023-09-R-win32-x86_64 (1)\eclipse\plugins\org.eclipse.m2e.maven.runtime_3.9.900.20240824-1409\jars\plexus-xml-3.0.1.jar
2025-01-06 17:00:40,663 [Worker-11: Launching Executing clean in D__project_Hybrid_backend_hybrid_backend] INFO  o.eclipse.m2e.core.internal.Bundles - 	Entry: C:\Users\ADMIN\Downloads\eclipse-jee-2023-09-R-win32-x86_64 (1)\eclipse\plugins\org.eclipse.m2e.maven.runtime_3.9.900.20240824-1409\jars\wagon-file-3.5.3.jar
2025-01-06 17:00:40,664 [Worker-11: Launching Executing clean in D__project_Hybrid_backend_hybrid_backend] INFO  o.eclipse.m2e.core.internal.Bundles - 	Entry: C:\Users\ADMIN\Downloads\eclipse-jee-2023-09-R-win32-x86_64 (1)\eclipse\plugins\org.eclipse.m2e.maven.runtime_3.9.900.20240824-1409\jars\wagon-http-3.5.3.jar
2025-01-06 17:00:40,665 [Worker-11: Launching Executing clean in D__project_Hybrid_backend_hybrid_backend] INFO  o.eclipse.m2e.core.internal.Bundles - 	Entry: C:\Users\ADMIN\Downloads\eclipse-jee-2023-09-R-win32-x86_64 (1)\eclipse\plugins\org.eclipse.m2e.maven.runtime_3.9.900.20240824-1409\jars\wagon-http-shared-3.5.3.jar
2025-01-06 17:00:40,666 [Worker-11: Launching Executing clean in D__project_Hybrid_backend_hybrid_backend] INFO  o.eclipse.m2e.core.internal.Bundles - 	Entry: C:\Users\ADMIN\Downloads\eclipse-jee-2023-09-R-win32-x86_64 (1)\eclipse\plugins\org.eclipse.m2e.maven.runtime_3.9.900.20240824-1409\jars\wagon-provider-api-3.5.3.jar
2025-01-06 17:00:40,671 [Worker-11: Launching Executing clean in D__project_Hybrid_backend_hybrid_backend] INFO  o.eclipse.m2e.core.internal.Bundles - getClasspathEntries(Bundle=com.google.guava_33.3.0.jre [1039])
2025-01-06 17:00:40,672 [Worker-11: Launching Executing clean in D__project_Hybrid_backend_hybrid_backend] INFO  o.eclipse.m2e.core.internal.Bundles - 	Entry: C:\Users\ADMIN\Downloads\eclipse-jee-2023-09-R-win32-x86_64 (1)\eclipse\plugins\com.google.guava_33.3.0.jre.jar
2025-01-06 17:00:40,673 [Worker-11: Launching Executing clean in D__project_Hybrid_backend_hybrid_backend] INFO  o.eclipse.m2e.core.internal.Bundles - getClasspathEntries(Bundle=slf4j.api_2.0.16 [1753])
2025-01-06 17:00:40,674 [Worker-11: Launching Executing clean in D__project_Hybrid_backend_hybrid_backend] INFO  o.eclipse.m2e.core.internal.Bundles - 	Entry: C:\Users\ADMIN\Downloads\eclipse-jee-2023-09-R-win32-x86_64 (1)\eclipse\plugins\slf4j.api_2.0.16.jar
2025-01-06 17:00:40,674 [Worker-11: Launching Executing clean in D__project_Hybrid_backend_hybrid_backend] INFO  o.eclipse.m2e.core.internal.Bundles - getClasspathEntries(Bundle=javax.inject_1.0.0.v20220405-0441 [38])
2025-01-06 17:00:40,675 [Worker-11: Launching Executing clean in D__project_Hybrid_backend_hybrid_backend] INFO  o.eclipse.m2e.core.internal.Bundles - 	Entry: C:\Users\ADMIN\Downloads\eclipse-jee-2023-09-R-win32-x86_64 (1)\eclipse\plugins\javax.inject_1.0.0.v20220405-0441.jar
2025-01-06 17:00:40,675 [Worker-11: Launching Executing clean in D__project_Hybrid_backend_hybrid_backend] INFO  o.eclipse.m2e.core.internal.Bundles - getClasspathEntries(Bundle=javax.annotation_1.3.5.v20230504-0748 [1059])
2025-01-06 17:00:40,676 [Worker-11: Launching Executing clean in D__project_Hybrid_backend_hybrid_backend] INFO  o.eclipse.m2e.core.internal.Bundles - 	Entry: C:\Users\ADMIN\Downloads\eclipse-jee-2023-09-R-win32-x86_64 (1)\eclipse\plugins\javax.annotation_1.3.5.v20230504-0748.jar
2025-01-06 17:00:40,676 [Worker-11: Launching Executing clean in D__project_Hybrid_backend_hybrid_backend] INFO  o.eclipse.m2e.core.internal.Bundles - getClasspathEntries(Bundle=org.apache.commons.cli_1.9.0 [1082])
2025-01-06 17:00:40,677 [Worker-11: Launching Executing clean in D__project_Hybrid_backend_hybrid_backend] INFO  o.eclipse.m2e.core.internal.Bundles - 	Entry: C:\Users\ADMIN\Downloads\eclipse-jee-2023-09-R-win32-x86_64 (1)\eclipse\plugins\org.apache.commons.cli_1.9.0.jar
2025-01-06 17:00:40,677 [Worker-11: Launching Executing clean in D__project_Hybrid_backend_hybrid_backend] INFO  o.eclipse.m2e.core.internal.Bundles - getClasspathEntries(Bundle=org.apache.commons.commons-codec_1.16.0 [76])
2025-01-06 17:00:40,679 [Worker-11: Launching Executing clean in D__project_Hybrid_backend_hybrid_backend] INFO  o.eclipse.m2e.core.internal.Bundles - 	Entry: C:\Users\ADMIN\Downloads\eclipse-jee-2023-09-R-win32-x86_64 (1)\eclipse\plugins\org.apache.commons.commons-codec_1.16.0.jar
2025-01-06 17:00:40,679 [Worker-11: Launching Executing clean in D__project_Hybrid_backend_hybrid_backend] INFO  o.eclipse.m2e.core.internal.Bundles - getClasspathEntries(Bundle=com.google.guava.failureaccess_1.0.2 [1040])
2025-01-06 17:00:40,681 [Worker-11: Launching Executing clean in D__project_Hybrid_backend_hybrid_backend] INFO  o.eclipse.m2e.core.internal.Bundles - 	Entry: C:\Users\ADMIN\Downloads\eclipse-jee-2023-09-R-win32-x86_64 (1)\eclipse\plugins\com.google.guava.failureaccess_1.0.2.jar
2025-01-06 17:00:40,687 [Worker-11: Launching Executing clean in D__project_Hybrid_backend_hybrid_backend] INFO  o.e.m.i.launch.MavenLaunchDelegate - Run build in "D:\project\Hybrid_backend\hybrid_backend":
2025-01-06 17:00:40,697 [Worker-11: Launching Executing clean in D__project_Hybrid_backend_hybrid_backend] INFO  o.e.m.i.launch.MavenLaunchDelegate -  mvn  -B -Dstyle.color=always clean
2025-01-06 17:00:48,884 [Worker-20: Building] INFO  o.a.m.s.f.DefaultMavenResourcesFiltering - Copying 1 resource from src\main\resources to target\classes
2025-01-06 17:00:48,929 [Worker-20: Building] INFO  o.a.m.s.f.DefaultMavenResourcesFiltering - Copying 11 resources from src\main\resources to target\classes
2025-01-06 17:00:48,965 [Worker-20: Building] INFO  o.a.m.s.f.DefaultMavenResourcesFiltering - skip non existing resourceDirectory D:\project\Hybrid_backend\hybrid_backend\src\test\resources
2025-01-06 17:02:27,404 [Worker-11: Launching Executing install in D__project_Hybrid_backend_hybrid_backend] INFO  o.eclipse.m2e.core.internal.Bundles - getClasspathEntries(Bundle=org.eclipse.m2e.maven.runtime_3.9.900.20240824-1409 [1522])
2025-01-06 17:02:27,406 [Worker-11: Launching Executing install in D__project_Hybrid_backend_hybrid_backend] INFO  o.eclipse.m2e.core.internal.Bundles - 	Entry: C:\Users\ADMIN\Downloads\eclipse-jee-2023-09-R-win32-x86_64 (1)\eclipse\plugins\org.eclipse.m2e.maven.runtime_3.9.900.20240824-1409
2025-01-06 17:02:27,407 [Worker-11: Launching Executing install in D__project_Hybrid_backend_hybrid_backend] INFO  o.eclipse.m2e.core.internal.Bundles - 	Entry: C:\Users\ADMIN\Downloads\eclipse-jee-2023-09-R-win32-x86_64 (1)\eclipse\plugins\org.eclipse.m2e.maven.runtime_3.9.900.20240824-1409\jars\aopalliance-1.0.jar
2025-01-06 17:02:27,408 [Worker-11: Launching Executing install in D__project_Hybrid_backend_hybrid_backend] INFO  o.eclipse.m2e.core.internal.Bundles - 	Entry: C:\Users\ADMIN\Downloads\eclipse-jee-2023-09-R-win32-x86_64 (1)\eclipse\plugins\org.eclipse.m2e.maven.runtime_3.9.900.20240824-1409\jars\guice-5.1.0.jar
2025-01-06 17:02:27,409 [Worker-11: Launching Executing install in D__project_Hybrid_backend_hybrid_backend] INFO  o.eclipse.m2e.core.internal.Bundles - 	Entry: C:\Users\ADMIN\Downloads\eclipse-jee-2023-09-R-win32-x86_64 (1)\eclipse\plugins\org.eclipse.m2e.maven.runtime_3.9.900.20240824-1409\jars\httpclient-4.5.14.jar
2025-01-06 17:02:27,409 [Worker-11: Launching Executing install in D__project_Hybrid_backend_hybrid_backend] INFO  o.eclipse.m2e.core.internal.Bundles - 	Entry: C:\Users\ADMIN\Downloads\eclipse-jee-2023-09-R-win32-x86_64 (1)\eclipse\plugins\org.eclipse.m2e.maven.runtime_3.9.900.20240824-1409\jars\httpcore-4.4.16.jar
2025-01-06 17:02:27,410 [Worker-11: Launching Executing install in D__project_Hybrid_backend_hybrid_backend] INFO  o.eclipse.m2e.core.internal.Bundles - 	Entry: C:\Users\ADMIN\Downloads\eclipse-jee-2023-09-R-win32-x86_64 (1)\eclipse\plugins\org.eclipse.m2e.maven.runtime_3.9.900.20240824-1409\jars\jansi-2.4.1.jar
2025-01-06 17:02:27,411 [Worker-11: Launching Executing install in D__project_Hybrid_backend_hybrid_backend] INFO  o.eclipse.m2e.core.internal.Bundles - 	Entry: C:\Users\ADMIN\Downloads\eclipse-jee-2023-09-R-win32-x86_64 (1)\eclipse\plugins\org.eclipse.m2e.maven.runtime_3.9.900.20240824-1409\jars\jcl-over-slf4j-1.7.36.jar
2025-01-06 17:02:27,413 [Worker-11: Launching Executing install in D__project_Hybrid_backend_hybrid_backend] INFO  o.eclipse.m2e.core.internal.Bundles - 	Entry: C:\Users\ADMIN\Downloads\eclipse-jee-2023-09-R-win32-x86_64 (1)\eclipse\plugins\org.eclipse.m2e.maven.runtime_3.9.900.20240824-1409\jars\maven-artifact-3.9.9.jar
2025-01-06 17:02:27,414 [Worker-11: Launching Executing install in D__project_Hybrid_backend_hybrid_backend] INFO  o.eclipse.m2e.core.internal.Bundles - 	Entry: C:\Users\ADMIN\Downloads\eclipse-jee-2023-09-R-win32-x86_64 (1)\eclipse\plugins\org.eclipse.m2e.maven.runtime_3.9.900.20240824-1409\jars\maven-builder-support-3.9.9.jar
2025-01-06 17:02:27,415 [Worker-11: Launching Executing install in D__project_Hybrid_backend_hybrid_backend] INFO  o.eclipse.m2e.core.internal.Bundles - 	Entry: C:\Users\ADMIN\Downloads\eclipse-jee-2023-09-R-win32-x86_64 (1)\eclipse\plugins\org.eclipse.m2e.maven.runtime_3.9.900.20240824-1409\jars\maven-compat-3.9.9.jar
2025-01-06 17:02:27,415 [Worker-11: Launching Executing install in D__project_Hybrid_backend_hybrid_backend] INFO  o.eclipse.m2e.core.internal.Bundles - 	Entry: C:\Users\ADMIN\Downloads\eclipse-jee-2023-09-R-win32-x86_64 (1)\eclipse\plugins\org.eclipse.m2e.maven.runtime_3.9.900.20240824-1409\jars\maven-core-3.9.9.jar
2025-01-06 17:02:27,416 [Worker-11: Launching Executing install in D__project_Hybrid_backend_hybrid_backend] INFO  o.eclipse.m2e.core.internal.Bundles - 	Entry: C:\Users\ADMIN\Downloads\eclipse-jee-2023-09-R-win32-x86_64 (1)\eclipse\plugins\org.eclipse.m2e.maven.runtime_3.9.900.20240824-1409\jars\maven-embedder-3.9.9.jar
2025-01-06 17:02:27,417 [Worker-11: Launching Executing install in D__project_Hybrid_backend_hybrid_backend] INFO  o.eclipse.m2e.core.internal.Bundles - 	Entry: C:\Users\ADMIN\Downloads\eclipse-jee-2023-09-R-win32-x86_64 (1)\eclipse\plugins\org.eclipse.m2e.maven.runtime_3.9.900.20240824-1409\jars\maven-model-3.9.9.jar
2025-01-06 17:02:27,417 [Worker-11: Launching Executing install in D__project_Hybrid_backend_hybrid_backend] INFO  o.eclipse.m2e.core.internal.Bundles - 	Entry: C:\Users\ADMIN\Downloads\eclipse-jee-2023-09-R-win32-x86_64 (1)\eclipse\plugins\org.eclipse.m2e.maven.runtime_3.9.900.20240824-1409\jars\maven-model-builder-3.9.9.jar
2025-01-06 17:02:27,419 [Worker-11: Launching Executing install in D__project_Hybrid_backend_hybrid_backend] INFO  o.eclipse.m2e.core.internal.Bundles - 	Entry: C:\Users\ADMIN\Downloads\eclipse-jee-2023-09-R-win32-x86_64 (1)\eclipse\plugins\org.eclipse.m2e.maven.runtime_3.9.900.20240824-1409\jars\maven-plugin-api-3.9.9.jar
2025-01-06 17:02:27,420 [Worker-11: Launching Executing install in D__project_Hybrid_backend_hybrid_backend] INFO  o.eclipse.m2e.core.internal.Bundles - 	Entry: C:\Users\ADMIN\Downloads\eclipse-jee-2023-09-R-win32-x86_64 (1)\eclipse\plugins\org.eclipse.m2e.maven.runtime_3.9.900.20240824-1409\jars\maven-repository-metadata-3.9.9.jar
2025-01-06 17:02:27,421 [Worker-11: Launching Executing install in D__project_Hybrid_backend_hybrid_backend] INFO  o.eclipse.m2e.core.internal.Bundles - 	Entry: C:\Users\ADMIN\Downloads\eclipse-jee-2023-09-R-win32-x86_64 (1)\eclipse\plugins\org.eclipse.m2e.maven.runtime_3.9.900.20240824-1409\jars\maven-resolver-api-1.9.22.jar
2025-01-06 17:02:27,422 [Worker-11: Launching Executing install in D__project_Hybrid_backend_hybrid_backend] INFO  o.eclipse.m2e.core.internal.Bundles - 	Entry: C:\Users\ADMIN\Downloads\eclipse-jee-2023-09-R-win32-x86_64 (1)\eclipse\plugins\org.eclipse.m2e.maven.runtime_3.9.900.20240824-1409\jars\maven-resolver-connector-basic-1.9.22.jar
2025-01-06 17:02:27,422 [Worker-11: Launching Executing install in D__project_Hybrid_backend_hybrid_backend] INFO  o.eclipse.m2e.core.internal.Bundles - 	Entry: C:\Users\ADMIN\Downloads\eclipse-jee-2023-09-R-win32-x86_64 (1)\eclipse\plugins\org.eclipse.m2e.maven.runtime_3.9.900.20240824-1409\jars\maven-resolver-impl-1.9.22.jar
2025-01-06 17:02:27,423 [Worker-11: Launching Executing install in D__project_Hybrid_backend_hybrid_backend] INFO  o.eclipse.m2e.core.internal.Bundles - 	Entry: C:\Users\ADMIN\Downloads\eclipse-jee-2023-09-R-win32-x86_64 (1)\eclipse\plugins\org.eclipse.m2e.maven.runtime_3.9.900.20240824-1409\jars\maven-resolver-named-locks-1.9.22.jar
2025-01-06 17:02:27,424 [Worker-11: Launching Executing install in D__project_Hybrid_backend_hybrid_backend] INFO  o.eclipse.m2e.core.internal.Bundles - 	Entry: C:\Users\ADMIN\Downloads\eclipse-jee-2023-09-R-win32-x86_64 (1)\eclipse\plugins\org.eclipse.m2e.maven.runtime_3.9.900.20240824-1409\jars\maven-resolver-provider-3.9.9.jar
2025-01-06 17:02:27,425 [Worker-11: Launching Executing install in D__project_Hybrid_backend_hybrid_backend] INFO  o.eclipse.m2e.core.internal.Bundles - 	Entry: C:\Users\ADMIN\Downloads\eclipse-jee-2023-09-R-win32-x86_64 (1)\eclipse\plugins\org.eclipse.m2e.maven.runtime_3.9.900.20240824-1409\jars\maven-resolver-spi-1.9.22.jar
2025-01-06 17:02:27,426 [Worker-11: Launching Executing install in D__project_Hybrid_backend_hybrid_backend] INFO  o.eclipse.m2e.core.internal.Bundles - 	Entry: C:\Users\ADMIN\Downloads\eclipse-jee-2023-09-R-win32-x86_64 (1)\eclipse\plugins\org.eclipse.m2e.maven.runtime_3.9.900.20240824-1409\jars\maven-resolver-transport-file-1.9.22.jar
2025-01-06 17:02:27,427 [Worker-11: Launching Executing install in D__project_Hybrid_backend_hybrid_backend] INFO  o.eclipse.m2e.core.internal.Bundles - 	Entry: C:\Users\ADMIN\Downloads\eclipse-jee-2023-09-R-win32-x86_64 (1)\eclipse\plugins\org.eclipse.m2e.maven.runtime_3.9.900.20240824-1409\jars\maven-resolver-transport-http-1.9.22.jar
2025-01-06 17:02:27,428 [Worker-11: Launching Executing install in D__project_Hybrid_backend_hybrid_backend] INFO  o.eclipse.m2e.core.internal.Bundles - 	Entry: C:\Users\ADMIN\Downloads\eclipse-jee-2023-09-R-win32-x86_64 (1)\eclipse\plugins\org.eclipse.m2e.maven.runtime_3.9.900.20240824-1409\jars\maven-resolver-transport-wagon-1.9.22.jar
2025-01-06 17:02:27,429 [Worker-11: Launching Executing install in D__project_Hybrid_backend_hybrid_backend] INFO  o.eclipse.m2e.core.internal.Bundles - 	Entry: C:\Users\ADMIN\Downloads\eclipse-jee-2023-09-R-win32-x86_64 (1)\eclipse\plugins\org.eclipse.m2e.maven.runtime_3.9.900.20240824-1409\jars\maven-resolver-util-1.9.22.jar
2025-01-06 17:02:27,430 [Worker-11: Launching Executing install in D__project_Hybrid_backend_hybrid_backend] INFO  o.eclipse.m2e.core.internal.Bundles - 	Entry: C:\Users\ADMIN\Downloads\eclipse-jee-2023-09-R-win32-x86_64 (1)\eclipse\plugins\org.eclipse.m2e.maven.runtime_3.9.900.20240824-1409\jars\maven-settings-3.9.9.jar
2025-01-06 17:02:27,431 [Worker-11: Launching Executing install in D__project_Hybrid_backend_hybrid_backend] INFO  o.eclipse.m2e.core.internal.Bundles - 	Entry: C:\Users\ADMIN\Downloads\eclipse-jee-2023-09-R-win32-x86_64 (1)\eclipse\plugins\org.eclipse.m2e.maven.runtime_3.9.900.20240824-1409\jars\maven-settings-builder-3.9.9.jar
2025-01-06 17:02:27,432 [Worker-11: Launching Executing install in D__project_Hybrid_backend_hybrid_backend] INFO  o.eclipse.m2e.core.internal.Bundles - 	Entry: C:\Users\ADMIN\Downloads\eclipse-jee-2023-09-R-win32-x86_64 (1)\eclipse\plugins\org.eclipse.m2e.maven.runtime_3.9.900.20240824-1409\jars\maven-shared-utils-3.4.2.jar
2025-01-06 17:02:27,433 [Worker-11: Launching Executing install in D__project_Hybrid_backend_hybrid_backend] INFO  o.eclipse.m2e.core.internal.Bundles - 	Entry: C:\Users\ADMIN\Downloads\eclipse-jee-2023-09-R-win32-x86_64 (1)\eclipse\plugins\org.eclipse.m2e.maven.runtime_3.9.900.20240824-1409\jars\org.eclipse.sisu.inject-0.9.0.M3.jar
2025-01-06 17:02:27,434 [Worker-11: Launching Executing install in D__project_Hybrid_backend_hybrid_backend] INFO  o.eclipse.m2e.core.internal.Bundles - 	Entry: C:\Users\ADMIN\Downloads\eclipse-jee-2023-09-R-win32-x86_64 (1)\eclipse\plugins\org.eclipse.m2e.maven.runtime_3.9.900.20240824-1409\jars\org.eclipse.sisu.plexus-0.9.0.M3.jar
2025-01-06 17:02:27,435 [Worker-11: Launching Executing install in D__project_Hybrid_backend_hybrid_backend] INFO  o.eclipse.m2e.core.internal.Bundles - 	Entry: C:\Users\ADMIN\Downloads\eclipse-jee-2023-09-R-win32-x86_64 (1)\eclipse\plugins\org.eclipse.m2e.maven.runtime_3.9.900.20240824-1409\jars\plexus-build-api-0.0.7.jar
2025-01-06 17:02:27,436 [Worker-11: Launching Executing install in D__project_Hybrid_backend_hybrid_backend] INFO  o.eclipse.m2e.core.internal.Bundles - 	Entry: C:\Users\ADMIN\Downloads\eclipse-jee-2023-09-R-win32-x86_64 (1)\eclipse\plugins\org.eclipse.m2e.maven.runtime_3.9.900.20240824-1409\jars\plexus-build-api-1.2.0.jar
2025-01-06 17:02:27,437 [Worker-11: Launching Executing install in D__project_Hybrid_backend_hybrid_backend] INFO  o.eclipse.m2e.core.internal.Bundles - 	Entry: C:\Users\ADMIN\Downloads\eclipse-jee-2023-09-R-win32-x86_64 (1)\eclipse\plugins\org.eclipse.m2e.maven.runtime_3.9.900.20240824-1409\jars\plexus-cipher-2.0.jar
2025-01-06 17:02:27,437 [Worker-11: Launching Executing install in D__project_Hybrid_backend_hybrid_backend] INFO  o.eclipse.m2e.core.internal.Bundles - 	Entry: C:\Users\ADMIN\Downloads\eclipse-jee-2023-09-R-win32-x86_64 (1)\eclipse\plugins\org.eclipse.m2e.maven.runtime_3.9.900.20240824-1409\jars\plexus-classworlds-2.8.0.jar
2025-01-06 17:02:27,439 [Worker-11: Launching Executing install in D__project_Hybrid_backend_hybrid_backend] INFO  o.eclipse.m2e.core.internal.Bundles - 	Entry: C:\Users\ADMIN\Downloads\eclipse-jee-2023-09-R-win32-x86_64 (1)\eclipse\plugins\org.eclipse.m2e.maven.runtime_3.9.900.20240824-1409\jars\plexus-component-annotations-2.1.0.jar
2025-01-06 17:02:27,440 [Worker-11: Launching Executing install in D__project_Hybrid_backend_hybrid_backend] INFO  o.eclipse.m2e.core.internal.Bundles - 	Entry: C:\Users\ADMIN\Downloads\eclipse-jee-2023-09-R-win32-x86_64 (1)\eclipse\plugins\org.eclipse.m2e.maven.runtime_3.9.900.20240824-1409\jars\plexus-interpolation-1.27.jar
2025-01-06 17:02:27,442 [Worker-11: Launching Executing install in D__project_Hybrid_backend_hybrid_backend] INFO  o.eclipse.m2e.core.internal.Bundles - 	Entry: C:\Users\ADMIN\Downloads\eclipse-jee-2023-09-R-win32-x86_64 (1)\eclipse\plugins\org.eclipse.m2e.maven.runtime_3.9.900.20240824-1409\jars\plexus-sec-dispatcher-2.0.jar
2025-01-06 17:02:27,443 [Worker-11: Launching Executing install in D__project_Hybrid_backend_hybrid_backend] INFO  o.eclipse.m2e.core.internal.Bundles - 	Entry: C:\Users\ADMIN\Downloads\eclipse-jee-2023-09-R-win32-x86_64 (1)\eclipse\plugins\org.eclipse.m2e.maven.runtime_3.9.900.20240824-1409\jars\plexus-utils-3.5.1.jar
2025-01-06 17:02:27,444 [Worker-11: Launching Executing install in D__project_Hybrid_backend_hybrid_backend] INFO  o.eclipse.m2e.core.internal.Bundles - 	Entry: C:\Users\ADMIN\Downloads\eclipse-jee-2023-09-R-win32-x86_64 (1)\eclipse\plugins\org.eclipse.m2e.maven.runtime_3.9.900.20240824-1409\jars\plexus-xml-3.0.1.jar
2025-01-06 17:02:27,445 [Worker-11: Launching Executing install in D__project_Hybrid_backend_hybrid_backend] INFO  o.eclipse.m2e.core.internal.Bundles - 	Entry: C:\Users\ADMIN\Downloads\eclipse-jee-2023-09-R-win32-x86_64 (1)\eclipse\plugins\org.eclipse.m2e.maven.runtime_3.9.900.20240824-1409\jars\wagon-file-3.5.3.jar
2025-01-06 17:02:27,446 [Worker-11: Launching Executing install in D__project_Hybrid_backend_hybrid_backend] INFO  o.eclipse.m2e.core.internal.Bundles - 	Entry: C:\Users\ADMIN\Downloads\eclipse-jee-2023-09-R-win32-x86_64 (1)\eclipse\plugins\org.eclipse.m2e.maven.runtime_3.9.900.20240824-1409\jars\wagon-http-3.5.3.jar
2025-01-06 17:02:27,446 [Worker-11: Launching Executing install in D__project_Hybrid_backend_hybrid_backend] INFO  o.eclipse.m2e.core.internal.Bundles - 	Entry: C:\Users\ADMIN\Downloads\eclipse-jee-2023-09-R-win32-x86_64 (1)\eclipse\plugins\org.eclipse.m2e.maven.runtime_3.9.900.20240824-1409\jars\wagon-http-shared-3.5.3.jar
2025-01-06 17:02:27,447 [Worker-11: Launching Executing install in D__project_Hybrid_backend_hybrid_backend] INFO  o.eclipse.m2e.core.internal.Bundles - 	Entry: C:\Users\ADMIN\Downloads\eclipse-jee-2023-09-R-win32-x86_64 (1)\eclipse\plugins\org.eclipse.m2e.maven.runtime_3.9.900.20240824-1409\jars\wagon-provider-api-3.5.3.jar
2025-01-06 17:02:27,447 [Worker-11: Launching Executing install in D__project_Hybrid_backend_hybrid_backend] INFO  o.eclipse.m2e.core.internal.Bundles - getClasspathEntries(Bundle=com.google.guava_33.3.0.jre [1039])
2025-01-06 17:02:27,449 [Worker-11: Launching Executing install in D__project_Hybrid_backend_hybrid_backend] INFO  o.eclipse.m2e.core.internal.Bundles - 	Entry: C:\Users\ADMIN\Downloads\eclipse-jee-2023-09-R-win32-x86_64 (1)\eclipse\plugins\com.google.guava_33.3.0.jre.jar
2025-01-06 17:02:27,450 [Worker-11: Launching Executing install in D__project_Hybrid_backend_hybrid_backend] INFO  o.eclipse.m2e.core.internal.Bundles - getClasspathEntries(Bundle=slf4j.api_2.0.16 [1753])
2025-01-06 17:02:27,451 [Worker-11: Launching Executing install in D__project_Hybrid_backend_hybrid_backend] INFO  o.eclipse.m2e.core.internal.Bundles - 	Entry: C:\Users\ADMIN\Downloads\eclipse-jee-2023-09-R-win32-x86_64 (1)\eclipse\plugins\slf4j.api_2.0.16.jar
2025-01-06 17:02:27,452 [Worker-11: Launching Executing install in D__project_Hybrid_backend_hybrid_backend] INFO  o.eclipse.m2e.core.internal.Bundles - getClasspathEntries(Bundle=javax.inject_1.0.0.v20220405-0441 [38])
2025-01-06 17:02:27,453 [Worker-11: Launching Executing install in D__project_Hybrid_backend_hybrid_backend] INFO  o.eclipse.m2e.core.internal.Bundles - 	Entry: C:\Users\ADMIN\Downloads\eclipse-jee-2023-09-R-win32-x86_64 (1)\eclipse\plugins\javax.inject_1.0.0.v20220405-0441.jar
2025-01-06 17:02:27,453 [Worker-11: Launching Executing install in D__project_Hybrid_backend_hybrid_backend] INFO  o.eclipse.m2e.core.internal.Bundles - getClasspathEntries(Bundle=javax.annotation_1.3.5.v20230504-0748 [1059])
2025-01-06 17:02:27,455 [Worker-11: Launching Executing install in D__project_Hybrid_backend_hybrid_backend] INFO  o.eclipse.m2e.core.internal.Bundles - 	Entry: C:\Users\ADMIN\Downloads\eclipse-jee-2023-09-R-win32-x86_64 (1)\eclipse\plugins\javax.annotation_1.3.5.v20230504-0748.jar
2025-01-06 17:02:27,456 [Worker-11: Launching Executing install in D__project_Hybrid_backend_hybrid_backend] INFO  o.eclipse.m2e.core.internal.Bundles - getClasspathEntries(Bundle=org.apache.commons.cli_1.9.0 [1082])
2025-01-06 17:02:27,457 [Worker-11: Launching Executing install in D__project_Hybrid_backend_hybrid_backend] INFO  o.eclipse.m2e.core.internal.Bundles - 	Entry: C:\Users\ADMIN\Downloads\eclipse-jee-2023-09-R-win32-x86_64 (1)\eclipse\plugins\org.apache.commons.cli_1.9.0.jar
2025-01-06 17:02:27,458 [Worker-11: Launching Executing install in D__project_Hybrid_backend_hybrid_backend] INFO  o.eclipse.m2e.core.internal.Bundles - getClasspathEntries(Bundle=org.apache.commons.commons-codec_1.16.0 [76])
2025-01-06 17:02:27,460 [Worker-11: Launching Executing install in D__project_Hybrid_backend_hybrid_backend] INFO  o.eclipse.m2e.core.internal.Bundles - 	Entry: C:\Users\ADMIN\Downloads\eclipse-jee-2023-09-R-win32-x86_64 (1)\eclipse\plugins\org.apache.commons.commons-codec_1.16.0.jar
2025-01-06 17:02:27,460 [Worker-11: Launching Executing install in D__project_Hybrid_backend_hybrid_backend] INFO  o.eclipse.m2e.core.internal.Bundles - getClasspathEntries(Bundle=com.google.guava.failureaccess_1.0.2 [1040])
2025-01-06 17:02:27,463 [Worker-11: Launching Executing install in D__project_Hybrid_backend_hybrid_backend] INFO  o.eclipse.m2e.core.internal.Bundles - 	Entry: C:\Users\ADMIN\Downloads\eclipse-jee-2023-09-R-win32-x86_64 (1)\eclipse\plugins\com.google.guava.failureaccess_1.0.2.jar
2025-01-06 17:02:27,465 [Worker-11: Launching Executing install in D__project_Hybrid_backend_hybrid_backend] INFO  o.e.m.i.launch.MavenLaunchDelegate - Run build in "D:\project\Hybrid_backend\hybrid_backend":
2025-01-06 17:02:27,466 [Worker-11: Launching Executing install in D__project_Hybrid_backend_hybrid_backend] INFO  o.e.m.i.launch.MavenLaunchDelegate -  mvn  -B -Dstyle.color=always install
2025-01-06 17:02:52,496 [Worker-16: Building] INFO  o.a.m.s.f.DefaultMavenResourcesFiltering - Copying 1 resource from src\main\resources to target\classes
2025-01-06 17:02:52,499 [Worker-16: Building] INFO  o.a.m.s.f.DefaultMavenResourcesFiltering - Copying 11 resources from src\main\resources to target\classes
2025-01-06 17:02:52,600 [Worker-16: Building] INFO  o.a.m.s.f.DefaultMavenResourcesFiltering - skip non existing resourceDirectory D:\project\Hybrid_backend\hybrid_backend\src\test\resources
